symbol,set_id,strategy,action,entry_price,initial_stop_loss,stop_loss,take_profit,position_size,dollar_risk,exit_price,exit_reason,r_multiple,pnl
BTCUSDT,SET_1_INVESTING,A_PULLBACK_RIDING,BUY,63118.62,61678.904464,63868.421116,73777.0,0.00694582,10.0,63868.421116,MTF_TRAIL_HIT,0.4765,4.7655
BTCUSDT,SET_1_INVESTING,B_CONTINUATION_RIDING,BUY,58364.97,55838.421607,62701.362902,73777.0,0.00397683,10.0477,62701.362902,MTF_TRAIL_HIT,1.6919,16.9992
BTCUSDT,SET_1_INVESTING,B_CONTINUATION_RIDING,BUY,60799.99,58103.32875,62775.834687,73777.0,0.003789,10.2176,62775.834687,MTF_TRAIL_HIT,0.7096,7.2501
BTCUSDT,SET_1_INVESTING,B_CONTINUATION_RIDING,BUY,61577.49,59553.130536,65938.070134,73777.0,0.00508316,10.2901,65938.070134,MTF_TRAIL_HIT,2.1219,21.8348
BTCUSDT,SET_1_INVESTING,B_CONTINUATION_RIDING,BUY,67540.01,66010.39625,68077.596562,73777.0,0.00687003,10.5085,68077.596562,MTF_TRAIL_HIT,0.307,3.2264
BTCUSDT,SET_1_INVESTING,B_CONTINUATION_RIDING,BUY,66773.01,65573.3425,65573.3425,73777.0,0.0087864,10.5408,65573.3425,SL_HIT,-1.0549,-11.1189
BTCUSDT,SET_1_INVESTING,B_CONTINUATION_RIDING,BUY,66043.99,64601.804286,66638.153571,73777.0,0.00723178,10.4296,66638.153571,MTF_TRAIL_HIT,0.3659,3.8159
BTCUSDT,SET_1_INVESTING,B_CONTINUATION_RIDING,BUY,65175.32,63593.86,66087.575,73777.0,0.00661903,10.4677,66087.575,MTF_TRAIL_HIT,0.5352,5.6021
BTCUSDT,SET_1_INVESTING,B_CONTINUATION_RIDING,BUY,64869.99,63593.34875,63593.34875,73777.0,0.00824331,10.5238,63593.34875,SL_HIT,-1.05,-11.05
BTCUSDT,SET_1_INVESTING,B_CONTINUATION_RIDING,BUY,64143.56,62946.443571,62946.443571,73777.0,0.00869861,10.4133,62946.443571,SL_HIT,-1.0528,-10.9628
BTCUSDT,SET_1_INVESTING,B_CONTINUATION_RIDING,BUY,60293.3,57884.294643,61817.748661,73777.0,0.00427713,10.3036,61817.748661,MTF_TRAIL_HIT,0.6073,6.2572
BTCUSDT,SET_1_INVESTING,B_CONTINUATION_RIDING,BUY,60864.99,57932.406429,61656.074107,73777.0,0.00353483,10.3662,61656.074107,MTF_TRAIL_HIT,0.2488,2.579
BTCUSDT,SET_1_INVESTING,B_CONTINUATION_RIDING,BUY,60427.84,57942.136071,62437.334018,73777.0,0.0041807,10.392,62437.334018,MTF_TRAIL_HIT,0.7835,8.1418
BTCUSDT,SET_1_INVESTING,B_CONTINUATION_RIDING,BUY,63327.59,62038.727679,63808.41442,71997.02,0.00812608,10.4734,63808.41442,MTF_TRAIL_HIT,0.3236,3.3896
BTCUSDT,SET_1_INVESTING,B_CONTINUATION_RIDING,BUY,60805.78,59659.394821,62103.713705,71997.02,0.00916559,10.5073,62103.713705,MTF_TRAIL_HIT,1.0783,11.3296
BTCUSDT,SET_1_INVESTING,B_CONTINUATION_RIDING,BUY,60649.28,59499.343571,61189.705893,71997.02,0.00923581,10.6206,61189.705893,MTF_TRAIL_HIT,0.4169,4.4272
BTCUSDT,SET_1_INVESTING,B_CONTINUATION_RIDING,BUY,60752.71,59338.987857,62131.419464,71997.02,0.00754382,10.6649,62131.419464,MTF_TRAIL_HIT,0.9315,9.9342
BTCUSDT,SET_1_INVESTING,B_CONTINUATION_RIDING,BUY,60326.39,58479.5875,62955.859375,71997.02,0.00582856,10.7642,62955.859375,MTF_TRAIL_HIT,1.39,14.9622
BTCUSDT,SET_1_INVESTING,A_PULLBACK_RIDING,BUY,95778.2,93691.654821,97598.353705,109588.0,0.00523057,10.9138,97598.353705,MTF_TRAIL_HIT,0.8257,9.0119
BTCUSDT,SET_1_INVESTING,A_PULLBACK_RIDING,BUY,91552.88,90684.277143,92323.539286,109588.0,0.01266856,11.0039,92323.539286,MTF_TRAIL_HIT,0.7811,8.5957
BTCUSDT,SET_1_INVESTING,A_PULLBACK_RIDING,BUY,88680.4,85334.432857,85334.432857,109588.0,0.00331441,11.0899,85334.432857,SL_HIT,-1.0257,-11.3749
BTCUSDT,SET_1_INVESTING,A_PULLBACK_RIDING,BUY,84250.09,81483.624643,86386.843661,109588.0,0.00396757,10.9762,86386.843661,MTF_TRAIL_HIT,0.7413,8.1367
BTCUSDT,SET_1_INVESTING,B_CONTINUATION_RIDING,BUY,94733.68,92181.406964,96282.581741,109588.0,0.00433242,11.0575,96282.581741,MTF_TRAIL_HIT,0.5693,6.2948
BTCUSDT,SET_1_INVESTING,B_CONTINUATION_RIDING,BUY,103985.48,102827.149107,104610.417277,109588.0,0.00960043,11.1205,104610.417277,MTF_TRAIL_HIT,0.4493,4.9967
BTCUSDT,SET_1_INVESTING,A_PULLBACK_RIDING,BUY,112650.99,111293.487679,113600.62442,124474.0,0.00822867,11.1704,113600.62442,MTF_TRAIL_HIT,0.616,6.8811
BTCUSDT,SET_1_INVESTING,A_PULLBACK_RIDING,BUY,108994.49,108095.936429,110075.361607,124474.0,0.01250816,11.2393,110075.361607,MTF_TRAIL_HIT,1.0807,12.1458
BTCUSDT,SET_1_INVESTING,A_PULLBACK_RIDING,BUY,109643.46,108088.86625,111961.351562,124474.0,0.00730783,11.3607,111961.351562,MTF_TRAIL_HIT,1.4193,16.1241
BTCUSDT,SET_1_INVESTING,A_PULLBACK_RIDING,BUY,106583.04,104446.173929,104446.173929,126199.63,0.00539198,11.5219,104446.173929,SL_HIT,-1.0491,-12.0873
BTCUSDT,SET_1_INVESTING,A_PULLBACK_RIDING,BUY,101497.22,98051.324643,103673.266161,126199.63,0.0033086,11.4011,103673.266161,MTF_TRAIL_HIT,0.6015,6.8581
BTCUSDT,SET_1_INVESTING,A_PULLBACK_RIDING,BUY,101346.04,97994.606964,103258.501741,126199.63,0.00342231,11.4697,103258.501741,MTF_TRAIL_HIT,0.5399,6.193
BTCUSDT,SET_1_INVESTING,A_PULLBACK_RIDING,SELL,67988.04,70669.340714,67170.325179,2817.0,0.00430074,11.5316,67170.325179,MTF_TRAIL_HIT,0.2799,3.2272
BTCUSDT,SET_1_INVESTING,A_PULLBACK_RIDING,SELL,67485.18,70652.688571,65706.337143,2817.0,0.00365077,11.5639,65706.337143,MTF_TRAIL_HIT,0.5407,6.2529
BTCUSDT,SET_1_INVESTING,A_PULLBACK_RIDING,SELL,65872.1,70647.185536,64223.771384,2817.0,0.0024348,11.6264,64223.771384,MTF_TRAIL_HIT,0.3317,3.8562
BTCUSDT,SET_1_INVESTING,A_PULLBACK_RIDING,SELL,66973.26,70698.973393,65987.428348,2817.0,0.00313093,11.6649,65987.428348,MTF_TRAIL_HIT,0.2468,2.8793
BTCUSDT,SET_1_INVESTING,A_PULLBACK_RIDING,SELL,72815.24,74686.388571,74686.388571,60000.0,0.0062495,11.6937,74686.388571,SL_HIT,-1.0397,-12.1582
BTCUSDT,SET_1_INVESTING,B_CONTINUATION_RIDING,SELL,68853.66,70897.557143,68242.984286,60000.0,0.00566181,11.5722,68242.984286,MTF_TRAIL_HIT,0.2653,3.0704
BTCUSDT,SET_1_INVESTING,B_CONTINUATION_RIDING,SELL,71924.22,73352.669643,71064.342411,60000.0,0.0081227,11.6029,71064.342411,MTF_TRAIL_HIT,0.5521,6.4058
BTCUSDT,SET_1_INVESTING,B_CONTINUATION_RIDING,SELL,71069.93,73458.163929,73458.163929,60000.0,0.00488517,11.6669,73458.163929,SL_HIT,-1.0306,-12.0235
BTCUSDT,SET_1_INVESTING,B_CONTINUATION_RIDING,SELL,73043.16,74349.954821,70832.578705,60000.0,0.00883588,11.5467,70832.578705,MTF_TRAIL_HIT,1.6371,18.9026
BTCUSDT,SET_1_INVESTING,B_CONTINUATION_RIDING,SELL,74417.99,75503.969286,74066.964821,60000.0,0.01080657,11.7357,74066.964821,MTF_TRAIL_HIT,0.255,2.9921
BTCUSDT,SET_1_INVESTING,B_CONTINUATION_RIDING,SELL,74131.55,76635.73875,76635.73875,60000.0,0.00469838,11.7656,76635.73875,SL_HIT,-1.0304,-12.1234
BTCUSDT,SET_1_INVESTING,B_CONTINUATION_RIDING,SELL,75691.76,78990.854464,74587.673616,60000.0,0.00352957,11.6444,74587.673616,MTF_TRAIL_HIT,0.312,3.6329
BTCUSDT,SET_1_INVESTING,B_CONTINUATION_RIDING,SELL,75840.97,79003.998571,79003.998571,60000.0,0.00369289,11.6807,79003.998571,SL_HIT,-1.0248,-11.9702
BTCUSDT,SET_1_INVESTING,B_CONTINUATION_RIDING,SELL,78178.23,80112.874107,77443.661027,60000.0,0.00597579,11.561,77443.661027,MTF_TRAIL_HIT,0.3396,3.9259
BTCUSDT,SET_1_INVESTING,B_CONTINUATION_RIDING,SELL,78257.48,80095.436607,77723.569152,60000.0,0.00631151,11.6003,77723.569152,MTF_TRAIL_HIT,0.2481,2.8785
BTCUSDT,SET_1_INVESTING,B_CONTINUATION_RIDING,SELL,77437.13,80083.115179,80083.115179,60000.0,0.00439499,11.6291,77371.32,MTF_CHOCH_EXIT,-0.0044,-0.0509
BTCUSDT,SET_1_INVESTING,B_CONTINUATION_RIDING,SELL,77371.32,80045.318571,76335.099643,60000.0,0.00434875,11.6286,76335.099643,MTF_TRAIL_HIT,0.3589,4.1734
BTCUSDT,SET_1_INVESTING,B_CONTINUATION_RIDING,SELL,76342.77,80037.619821,80037.619821,60000.0,0.00315853,11.6703,80037.619821,SL_HIT,-1.0215,-11.9208
BTCUSDT,SET_1_INVESTING,B_CONTINUATION_RIDING,SELL,79313.61,83318.681607,77736.427902,60000.0,0.00288412,11.5511,77736.427902,MTF_TRAIL_HIT,0.3743,4.3236
BTCUSDT,SET_1_INVESTING,B_CONTINUATION_RIDING,SELL,76752.01,79758.239643,79758.239643,60000.0,0.00385677,11.5943,77322.01,MTF_CHOCH_EXIT,-0.2153,-2.4962
BTCUSDT,SET_1_INVESTING,B_CONTINUATION_RIDING,SELL,77322.01,78700.288214,76022.539554,60000.0,0.00839407,11.5694,76022.539554,MTF_TRAIL_HIT,0.8875,10.2674
BTCUSDT,SET_1_INVESTING,B_CONTINUATION_RIDING,SELL,75930.01,78708.46,74938.6025,60000.0,0.00420092,11.672,74938.6025,MTF_TRAIL_HIT,0.3298,3.8491
BTCUSDT,SET_1_INVESTING,B_CONTINUATION_RIDING,SELL,71408.9,78539.26875,67975.592188,2817.0,0.00164235,11.7105,67975.592188,MTF_TRAIL_HIT,0.4719,5.5259
BTCUSDT,SET_1_INVESTING,B_CONTINUATION_RIDING,SELL,66760.83,78609.732857,62093.135714,2817.0,0.00099299,11.7658,62093.135714,MTF_TRAIL_HIT,0.3886,4.5724
BTCUSDT,SET_1_INVESTING,B_CONTINUATION_RIDING,SELL,63580.01,65076.982679,65076.982679,2817.0,0.00789026,11.8115,65076.982679,SL_HIT,-1.0433,-12.3227
BTCUSDT,SET_1_INVESTING,B_CONTINUATION_RIDING,SELL,65746.45,66512.21875,65545.442187,2817.0,0.01526346,11.6883,65545.442187,MTF_TRAIL_HIT,0.1768,2.0669
BTCUSDT,SET_1_INVESTING,B_CONTINUATION_RIDING,SELL,62958.01,67883.08,67883.08,2817.0,0.00237742,11.709,64020.01,MTF_CHOCH_EXIT,-0.2286,-2.6765
BTCUSDT,SET_1_INVESTING,B_CONTINUATION_RIDING,SELL,64020.01,67776.372143,62877.090536,2817.0,0.00310997,11.6822,62877.090536,MTF_TRAIL_HIT,0.2875,3.3582
BTCUSDT,SET_1_INVESTING,B_CONTINUATION_RIDING,SELL,62734.57,67468.925179,60286.288795,2817.0,0.00247463,11.7158,60286.288795,MTF_TRAIL_HIT,0.5043,5.9082
BTCUSDT,SET_1_INVESTING,B_CONTINUATION_RIDING,SELL,61077.99,66959.165357,59585.303839,2817.0,0.00200213,11.7748,59585.303839,MTF_TRAIL_HIT,0.2436,2.8686
BTCUSDT,SET_1_INVESTING,B_CONTINUATION_RIDING,SELL,59794.0,66161.518214,66161.518214,2817.0,0.00185371,11.8035,60260.21,MTF_CHOCH_EXIT,-0.0827,-0.9758
BTCUSDT,SET_1_INVESTING,A_PULLBACK_RIDING,SELL,65043.98,65602.677143,64624.674286,60000.0,0.02110943,11.7938,64624.674286,MTF_TRAIL_HIT,0.6347,7.4851
BTCUSDT,SET_1_INVESTING,A_PULLBACK_RIDING,SELL,66556.16,67365.567679,65756.02192,60000.0,0.01466335,11.8686,65756.02192,MTF_TRAIL_HIT,0.9071,10.766
BTCUSDT,SET_2_POSITIONAL,B_CONTINUATION_RIDING,SELL,66377.03,67499.76375,67499.76375,60000.0,0.00890683,10.0,66912.0,MTF_CHOCH_EXIT,-0.536,-5.36
BTCUSDT,SET_2_POSITIONAL,B_CONTINUATION_RIDING,SELL,66912.0,67496.908393,66703.007098,60000.0,0.01700506,9.9464,66703.007098,MTF_TRAIL_HIT,0.2432,2.4188
BTCUSDT,SET_2_POSITIONAL,B_CONTINUATION_RIDING,SELL,66671.0,67485.089464,66361.782366,60000.0,0.01224753,9.9706,66361.782366,MTF_TRAIL_HIT,0.2982,2.9735
BTCUSDT,SET_2_POSITIONAL,B_CONTINUATION_RIDING,SELL,66348.62,67447.866071,65274.811518,60000.0,0.00909744,10.0003,65274.811518,MTF_TRAIL_HIT,0.9173,9.173
BTCUSDT,SET_2_POSITIONAL,B_CONTINUATION_RIDING,SELL,66010.93,67302.832321,67302.832321,60000.0,0.00781178,10.0921,67302.832321,SL_HIT,-1.0519,-10.6159
BTCUSDT,SET_2_POSITIONAL,B_CONTINUATION_RIDING,SELL,67173.8,67638.540536,67638.540536,60000.0,0.02148703,9.9859,67638.540536,SL_HIT,-1.1454,-11.4375
BTCUSDT,SET_2_POSITIONAL,B_CONTINUATION_RIDING,SELL,67624.39,67989.054286,67451.576071,60000.0,0.02707016,9.8715,67451.576071,MTF_TRAIL_HIT,0.2888,2.851
BTCUSDT,SET_2_POSITIONAL,B_CONTINUATION_RIDING,SELL,67680.45,68233.024286,67226.873571,60000.0,0.0179162,9.9,67226.873571,MTF_TRAIL_HIT,0.699,6.9201
BTCUSDT,SET_2_POSITIONAL,B_CONTINUATION_RIDING,SELL,66797.37,68380.132321,68380.132321,60000.0,0.00629863,9.9692,68380.132321,SL_HIT,-1.043,-10.398
BTCUSDT,SET_2_POSITIONAL,B_CONTINUATION_RIDING,SELL,67704.74,68645.121786,67338.415446,60000.0,0.01049069,9.8653,67338.415446,MTF_TRAIL_HIT,0.3179,3.1357
BTCUSDT,SET_2_POSITIONAL,B_CONTINUATION_RIDING,SELL,67367.69,68647.790357,66318.075089,60000.0,0.00773112,9.8966,66318.075089,MTF_TRAIL_HIT,0.768,7.6003
BTCUSDT,SET_2_POSITIONAL,B_CONTINUATION_RIDING,SELL,67838.8,68880.688393,68880.688393,60000.0,0.00957167,9.9726,68170.67,MTF_CHOCH_EXIT,-0.3839,-3.8285
BTCUSDT,SET_2_POSITIONAL,B_CONTINUATION_RIDING,SELL,68170.67,68886.596071,68886.596071,60000.0,0.01387619,9.9343,68886.596071,SL_HIT,-1.096,-10.8884
BTCUSDT,SET_2_POSITIONAL,B_CONTINUATION_RIDING,SELL,68692.0,69598.371071,68145.422768,60000.0,0.01084042,9.8254,68145.422768,MTF_TRAIL_HIT,0.5277,5.1851
BTCUSDT,SET_2_POSITIONAL,B_CONTINUATION_RIDING,SELL,68918.52,69584.564286,68105.791071,60000.0,0.01482978,9.8773,68105.791071,MTF_TRAIL_HIT,1.1177,11.04
BTCUSDT,SET_2_POSITIONAL,B_CONTINUATION_RIDING,SELL,68176.84,69594.396429,66854.389107,60000.0,0.00704571,9.9877,66854.389107,MTF_TRAIL_HIT,0.8856,8.8446
BTCUSDT,SET_2_POSITIONAL,B_CONTINUATION_RIDING,SELL,67017.44,67663.741429,66669.675357,60000.0,0.01559046,10.0761,66669.675357,MTF_TRAIL_HIT,0.4348,4.3812
BTCUSDT,SET_2_POSITIONAL,B_CONTINUATION_RIDING,SELL,66827.15,67655.842321,67655.842321,60000.0,0.01221195,10.12,66832.18,MTF_CHOCH_EXIT,-0.0867,-0.8777
BTCUSDT,SET_2_POSITIONAL,B_CONTINUATION_RIDING,SELL,66832.18,67557.32,67557.32,60000.0,0.01394375,10.1112,67557.32,SL_HIT,-1.093,-11.0513
BTCUSDT,SET_2_POSITIONAL,B_CONTINUATION_RIDING,SELL,67383.66,67708.01875,67267.709687,60000.0,0.0308321,10.0007,67267.709687,MTF_TRAIL_HIT,0.15,1.5
BTCUSDT,SET_2_POSITIONAL,B_CONTINUATION_RIDING,SELL,67300.42,67680.163214,67050.655804,60000.0,0.02637482,10.0157,67050.655804,MTF_TRAIL_HIT,0.481,4.8175
BTCUSDT,SET_2_POSITIONAL,B_CONTINUATION_RIDING,SELL,67145.98,67671.544821,66743.051205,60000.0,0.01914861,10.0638,66743.051205,MTF_TRAIL_HIT,0.6395,6.4358
BTCUSDT,SET_2_POSITIONAL,B_CONTINUATION_RIDING,SELL,66820.64,67675.257857,67675.257857,60000.0,0.01185114,10.1282,67675.257857,SL_HIT,-1.079,-10.9283
BTCUSDT,SET_2_POSITIONAL,B_CONTINUATION_RIDING,SELL,67306.64,67967.728393,67967.728393,60000.0,0.01515517,10.0189,67967.728393,SL_HIT,-1.1026,-11.0471
BTCUSDT,SET_2_POSITIONAL,B_CONTINUATION_RIDING,SELL,69123.69,69721.161964,68955.897991,60000.0,0.01658394,9.9084,68955.897991,MTF_TRAIL_HIT,0.1654,1.6384
BTCUSDT,SET_2_POSITIONAL,B_CONTINUATION_RIDING,SELL,69115.91,69728.370536,69728.370536,60000.0,0.01620483,9.9248,69728.370536,SL_HIT,-1.1137,-11.0529
BTCUSDT,SET_2_POSITIONAL,B_CONTINUATION_RIDING,SELL,69614.91,70442.389821,69370.729955,60000.0,0.01186046,9.8143,69370.729955,MTF_TRAIL_HIT,0.2112,2.0726
BTCUSDT,SET_2_POSITIONAL,B_CONTINUATION_RIDING,SELL,69968.87,70451.895357,69402.776339,60000.0,0.02036129,9.835,69402.776339,MTF_TRAIL_HIT,1.028,10.1107
BTCUSDT,SET_2_POSITIONAL,B_CONTINUATION_RIDING,SELL,69739.53,70533.5125,68498.495625,60000.0,0.01251429,9.9361,68498.495625,MTF_TRAIL_HIT,1.4765,14.6702
BTCUSDT,SET_2_POSITIONAL,B_CONTINUATION_RIDING,SELL,68853.66,70553.873571,70553.873571,60000.0,0.00593033,10.0828,68779.21,MTF_CHOCH_EXIT,0.0033,0.0335
BTCUSDT,SET_2_POSITIONAL,B_CONTINUATION_RIDING,SELL,68779.21,70564.163929,68178.248482,60000.0,0.00564898,10.0832,68178.248482,MTF_TRAIL_HIT,0.2984,3.0089
BTCUSDT,SET_2_POSITIONAL,B_CONTINUATION_RIDING,SELL,69011.29,70600.827321,70600.827321,60000.0,0.00636239,10.1133,70600.827321,SL_HIT,-1.0442,-10.5605
BTCUSDT,SET_2_POSITIONAL,B_CONTINUATION_RIDING,SELL,71924.22,73056.33375,71524.018438,60000.0,0.00883979,10.0076,71524.018438,MTF_TRAIL_HIT,0.2902,2.9046
BTCUSDT,SET_2_POSITIONAL,B_CONTINUATION_RIDING,SELL,71287.39,73064.951786,73064.951786,60000.0,0.00564633,10.0367,70992.39,MTF_CHOCH_EXIT,0.126,1.2644
BTCUSDT,SET_2_POSITIONAL,B_CONTINUATION_RIDING,SELL,70992.39,73154.379643,73154.379643,60000.0,0.00464819,10.0493,71868.67,MTF_CHOCH_EXIT,-0.4385,-4.4064
BTCUSDT,SET_2_POSITIONAL,B_CONTINUATION_RIDING,SELL,71868.67,73442.489821,73442.489821,60000.0,0.00635732,10.0053,72866.63,MTF_CHOCH_EXIT,-0.6803,-6.8064
BTCUSDT,SET_2_POSITIONAL,B_CONTINUATION_RIDING,SELL,72866.63,73663.39,73663.39,60000.0,0.01247202,9.9372,73663.39,SL_HIT,-1.0923,-10.8541
BTCUSDT,SET_2_POSITIONAL,B_CONTINUATION_RIDING,SELL,73043.16,73989.370714,71546.552679,60000.0,0.0103874,9.8287,71546.552679,MTF_TRAIL_HIT,1.5057,14.7995
BTCUSDT,SET_2_POSITIONAL,B_CONTINUATION_RIDING,SELL,71593.19,74007.351071,74007.351071,60000.0,0.00413256,9.9767,70976.0,MTF_CHOCH_EXIT,0.2262,2.2567
BTCUSDT,SET_2_POSITIONAL,B_CONTINUATION_RIDING,SELL,81059.15,82278.875179,80618.931295,60000.0,0.00819794,9.9992,80618.931295,MTF_TRAIL_HIT,0.2947,2.9472
BTCUSDT,SET_2_POSITIONAL,B_CONTINUATION_RIDING,SELL,80814.88,82284.761964,79026.470491,60000.0,0.00682279,10.0287,79026.470491,MTF_TRAIL_HIT,1.1627,11.6602
BTCUSDT,SET_2_POSITIONAL,B_CONTINUATION_RIDING,SELL,79150.27,82305.308393,82305.308393,60000.0,0.00321559,10.1453,79083.18,MTF_CHOCH_EXIT,-0.0038,-0.0386
BTCUSDT,SET_2_POSITIONAL,B_CONTINUATION_RIDING,SELL,79083.18,81874.734107,78337.888527,60000.0,0.00363415,10.1449,78337.888527,MTF_TRAIL_HIT,0.2389,2.4232
BTCUSDT,SET_2_POSITIONAL,B_CONTINUATION_RIDING,SELL,78081.71,81322.114464,81322.114464,60000.0,0.00313824,10.1692,78028.88,MTF_CHOCH_EXIT,-0.0078,-0.0791
BTCUSDT,SET_2_POSITIONAL,B_CONTINUATION_RIDING,SELL,78028.88,79390.677857,77075.609464,60000.0,0.00746686,10.1684,77075.609464,MTF_TRAIL_HIT,0.6433,6.5409
BTCUSDT,SET_2_POSITIONAL,B_CONTINUATION_RIDING,SELL,77457.67,78750.191786,77030.740446,60000.0,0.00791768,10.2338,77030.740446,MTF_TRAIL_HIT,0.2706,2.7696
BTCUSDT,SET_2_POSITIONAL,A_PULLBACK_RIDING,SELL,76924.65,78754.824643,78754.824643,60000.0,0.00560682,10.2615,76787.11,MTF_CHOCH_EXIT,0.0332,0.3404
BTCUSDT,SET_2_POSITIONAL,A_PULLBACK_RIDING,SELL,76521.23,78010.898571,78010.898571,60000.0,0.00689071,10.2649,76723.54,MTF_CHOCH_EXIT,-0.1873,-1.9225
BTCUSDT,SET_2_POSITIONAL,A_PULLBACK_RIDING,SELL,77282.64,77658.339643,77658.339643,60000.0,0.02727084,10.2456,77658.339643,SL_HIT,-1.2065,-12.3617
BTCUSDT,SET_2_POSITIONAL,A_PULLBACK_RIDING,SELL,77382.49,77843.45625,77006.851562,60000.0,0.02195828,10.122,77006.851562,MTF_TRAIL_HIT,0.6477,6.5555
BTCUSDT,SET_2_POSITIONAL,A_PULLBACK_RIDING,SELL,77455.46,78041.629643,77164.922411,60000.0,0.01737992,10.1876,77164.922411,MTF_TRAIL_HIT,0.3639,3.7072
BTCUSDT,SET_2_POSITIONAL,A_PULLBACK_RIDING,SELL,77667.49,78040.922143,77319.968036,60000.0,0.02738022,10.2247,77319.968036,MTF_TRAIL_HIT,0.7233,7.396
BTCUSDT,SET_2_POSITIONAL,A_PULLBACK_RIDING,SELL,77552.23,78019.332679,78019.332679,60000.0,0.02204786,10.2986,78019.332679,SL_HIT,-1.1669,-12.017
BTCUSDT,SET_2_POSITIONAL,A_PULLBACK_RIDING,SELL,77889.01,78346.902857,77261.623214,60000.0,0.02222888,10.1784,77261.623214,MTF_TRAIL_HIT,1.2011,12.2256
BTCUSDT,SET_2_POSITIONAL,A_PULLBACK_RIDING,SELL,77189.1,78369.143929,78369.143929,60000.0,0.00872908,10.3007,77779.98,MTF_CHOCH_EXIT,-0.5665,-5.8359
BTCUSDT,SET_2_POSITIONAL,A_PULLBACK_RIDING,SELL,77779.98,78363.119464,77434.554866,60000.0,0.01756414,10.2423,77434.554866,MTF_TRAIL_HIT,0.4594,4.7056
BTCUSDT,SET_2_POSITIONAL,A_PULLBACK_RIDING,SELL,77408.06,78366.929286,76809.717321,60000.0,0.01073076,10.2894,76809.717321,MTF_TRAIL_HIT,0.5438,5.595
BTCUSDT,SET_2_POSITIONAL,A_PULLBACK_RIDING,SELL,76790.59,78370.135714,76063.646429,60000.0,0.00654957,10.3453,76063.646429,MTF_TRAIL_HIT,0.412,4.262
BTCUSDT,SET_2_POSITIONAL,A_PULLBACK_RIDING,SELL,75860.44,78285.658036,78285.658036,60000.0,0.00428331,10.388,75635.22,MTF_CHOCH_EXIT,0.0617,0.6405
BTCUSDT,SET_2_POSITIONAL,A_PULLBACK_RIDING,SELL,75635.22,78078.865536,74900.511384,60000.0,0.00425363,10.3944,74900.511384,MTF_TRAIL_HIT,0.2699,2.8059
BTCUSDT,SET_2_POSITIONAL,A_PULLBACK_RIDING,SELL,76752.01,77609.926964,77609.926964,60000.0,0.01214853,10.4224,76750.0,MTF_CHOCH_EXIT,-0.0871,-0.9081
BTCUSDT,SET_2_POSITIONAL,A_PULLBACK_RIDING,SELL,76750.0,77597.305357,76407.186339,60000.0,0.01228996,10.4133,76407.186339,MTF_TRAIL_HIT,0.3143,3.2731
BTCUSDT,SET_2_POSITIONAL,A_PULLBACK_RIDING,SELL,76371.59,77753.64625,77753.64625,60000.0,0.00755836,10.4461,77026.67,MTF_CHOCH_EXIT,-0.5296,-5.5326
BTCUSDT,SET_2_POSITIONAL,A_PULLBACK_RIDING,SELL,77026.67,77741.6225,77741.6225,60000.0,0.01453349,10.3908,77741.6225,SL_HIT,-1.1086,-11.5187
BTCUSDT,SET_2_POSITIONAL,A_PULLBACK_RIDING,SELL,77628.82,78089.05625,77458.669063,60000.0,0.02232672,10.2756,77458.669063,MTF_TRAIL_HIT,0.2013,2.0685
BTCUSDT,SET_2_POSITIONAL,A_PULLBACK_RIDING,SELL,77441.86,78087.157857,77181.144464,60000.0,0.01595581,10.2963,77181.144464,MTF_TRAIL_HIT,0.2843,2.9274
BTCUSDT,SET_2_POSITIONAL,A_PULLBACK_RIDING,SELL,77322.01,78076.692321,76664.26058,60000.0,0.01368195,10.3255,76664.26058,MTF_TRAIL_HIT,0.7698,7.9484
BTCUSDT,SET_2_POSITIONAL,A_PULLBACK_RIDING,SELL,76664.01,78080.78,76133.4925,60000.0,0.00734418,10.405,76133.4925,MTF_TRAIL_HIT,0.3206,3.3362
BTCUSDT,SET_2_POSITIONAL,A_PULLBACK_RIDING,SELL,76052.0,78276.206071,78276.206071,60000.0,0.00469308,10.4384,75683.0,MTF_CHOCH_EXIT,0.1318,1.3762
BTCUSDT,SET_2_POSITIONAL,A_PULLBACK_RIDING,SELL,75683.0,78266.200179,74889.790045,60000.0,0.0040462,10.4521,74889.790045,MTF_TRAIL_HIT,0.278,2.9058
BTCUSDT,SET_2_POSITIONAL,A_PULLBACK_RIDING,SELL,73617.51,75625.477679,75625.477679,60000.0,0.0052198,10.4812,73301.52,MTF_CHOCH_EXIT,0.1208,1.2664
BTCUSDT,SET_2_POSITIONAL,A_PULLBACK_RIDING,SELL,73528.56,74799.999464,72830.349866,60000.0,0.00825352,10.4939,72830.349866,MTF_TRAIL_HIT,0.4917,5.1603
BTCUSDT,SET_2_POSITIONAL,A_PULLBACK_RIDING,SELL,73808.26,74428.568929,73342.327232,60000.0,0.01700034,10.5455,73342.327232,MTF_TRAIL_HIT,0.6327,6.6724
BTCUSDT,SET_2_POSITIONAL,A_PULLBACK_RIDING,SELL,73520.28,74759.9225,74759.9225,60000.0,0.00856068,10.6122,73524.01,MTF_CHOCH_EXIT,-0.0623,-0.6614
BTCUSDT,SET_2_POSITIONAL,A_PULLBACK_RIDING,SELL,73524.01,74737.626607,74737.626607,60000.0,0.00873881,10.6056,74150.64,MTF_CHOCH_EXIT,-0.5773,-6.123
BTCUSDT,SET_2_POSITIONAL,A_PULLBACK_RIDING,SELL,73871.24,74427.145714,73622.026429,60000.0,0.01896786,10.5443,73622.026429,MTF_TRAIL_HIT,0.3158,3.3294
BTCUSDT,SET_2_POSITIONAL,A_PULLBACK_RIDING,SELL,73655.21,74417.458929,73412.562232,60000.0,0.01387688,10.5776,73412.562232,MTF_TRAIL_HIT,0.2219,2.3476
BTCUSDT,SET_2_POSITIONAL,A_PULLBACK_RIDING,SELL,73769.06,74387.5775,72858.629375,60000.0,0.01713955,10.6011,72858.629375,MTF_TRAIL_HIT,1.3538,14.3523
BTCUSDT,SET_2_POSITIONAL,A_PULLBACK_RIDING,SELL,72818.0,74398.530536,71461.462634,60000.0,0.00679812,10.7446,71461.462634,MTF_TRAIL_HIT,0.8129,8.7342
BTCUSDT,SET_2_POSITIONAL,A_PULLBACK_RIDING,SELL,63774.48,64512.993214,63452.638304,59130.91,0.01466727,10.832,63452.638304,MTF_TRAIL_HIT,0.3498,3.7888
BTCUSDT,SET_2_POSITIONAL,A_PULLBACK_RIDING,SELL,62689.48,63118.862857,63118.862857,59130.91,0.02531508,10.8699,63118.862857,SL_HIT,-1.1468,-12.4658
BTCUSDT,SET_2_POSITIONAL,A_PULLBACK_RIDING,SELL,63108.0,63506.622143,62599.655536,59130.91,0.02695587,10.7452,62599.655536,MTF_TRAIL_HIT,1.1179,12.0124
BTCUSDT,SET_2_POSITIONAL,A_PULLBACK_RIDING,SELL,63605.68,64197.366607,63417.921652,59130.91,0.01836332,10.8653,63417.921652,MTF_TRAIL_HIT,0.2101,2.2824
BTCUSDT,SET_2_POSITIONAL,A_PULLBACK_RIDING,SELL,63625.99,64171.863393,63437.998348,59130.91,0.0199463,10.8882,63437.998348,MTF_TRAIL_HIT,0.2281,2.4834
BTCUSDT,SET_2_POSITIONAL,A_PULLBACK_RIDING,SELL,63524.82,64157.311429,62987.932857,59130.91,0.01725397,10.913,62987.932857,MTF_TRAIL_HIT,0.7491,8.1746
BTCUSDT,SET_2_POSITIONAL,A_PULLBACK_RIDING,SELL,63766.01,64185.842143,63150.248036,59130.91,0.02618841,10.9947,63150.248036,MTF_TRAIL_HIT,1.316,14.4685
BTCUSDT,SET_2_POSITIONAL,A_PULLBACK_RIDING,SELL,63971.28,64563.473571,64563.473571,59130.91,0.01881044,11.1394,64563.473571,SL_HIT,-1.1088,-12.3518
BTCUSDT,SET_2_POSITIONAL,A_PULLBACK_RIDING,SELL,64458.01,64925.530893,64925.530893,59130.91,0.02356237,11.0159,64545.3,MTF_CHOCH_EXIT,-0.3248,-3.5774
BTCUSDT,SET_2_POSITIONAL,A_PULLBACK_RIDING,SELL,64545.3,64903.107321,64303.45183,59130.91,0.03068726,10.9801,64303.45183,MTF_TRAIL_HIT,0.496,5.4466
BTCUSDT,SET_2_POSITIONAL,A_PULLBACK_RIDING,SELL,64429.39,64901.669464,63984.729866,59130.91,0.02336454,11.0346,63984.729866,MTF_TRAIL_HIT,0.8058,8.892
BTCUSDT,SET_2_POSITIONAL,B_CONTINUATION_RIDING,SELL,63543.91,63890.876071,63406.881518,59130.91,0.03205937,11.1235,63406.881518,MTF_TRAIL_HIT,0.2121,2.3591
BTCUSDT,SET_2_POSITIONAL,B_CONTINUATION_RIDING,SELL,63476.79,63966.3275,63306.594375,59130.91,0.02277069,11.1471,63306.594375,MTF_TRAIL_HIT,0.2183,2.4329
BTCUSDT,SET_2_POSITIONAL,B_CONTINUATION_RIDING,SELL,64160.04,64579.995893,63835.198973,59130.91,0.02660145,11.1714,63835.198973,MTF_TRAIL_HIT,0.6213,6.9411
BTCUSDT,SET_2_POSITIONAL,B_CONTINUATION_RIDING,SELL,63936.0,64574.075179,64574.075179,59130.91,0.0176168,11.2408,64426.0,MTF_CHOCH_EXIT,-0.8688,-9.7657
BTCUSDT,SET_2_POSITIONAL,B_CONTINUATION_RIDING,SELL,64191.07,64734.049286,64035.914821,59130.91,0.02052231,11.1432,64035.914821,MTF_TRAIL_HIT,0.1677,1.8691
BTCUSDT,SET_2_POSITIONAL,B_CONTINUATION_RIDING,SELL,64176.0,64731.55625,63408.889062,59130.91,0.02009136,11.1619,63408.889062,MTF_TRAIL_HIT,1.2664,14.1351
BTCUSDT,SET_2_POSITIONAL,B_CONTINUATION_RIDING,SELL,63974.01,64979.961429,64979.961429,49000.0,0.01123636,11.3032,64979.961429,SL_HIT,-1.0644,-12.0312
BTCUSDT,SET_2_POSITIONAL,B_CONTINUATION_RIDING,SELL,64836.95,65790.48625,64514.384063,49000.0,0.01172784,11.1829,64514.384063,MTF_TRAIL_HIT,0.2705,3.0255
BTCUSDT,SET_2_POSITIONAL,B_CONTINUATION_RIDING,SELL,64472.0,65793.694286,64135.013571,49000.0,0.00848394,11.2132,64135.013571,MTF_TRAIL_HIT,0.2064,2.3142
BTCUSDT,SET_2_POSITIONAL,B_CONTINUATION_RIDING,SELL,64020.01,65787.463036,65787.463036,49000.0,0.00635735,11.2363,64065.35,MTF_CHOCH_EXIT,-0.0619,-0.6955
BTCUSDT,SET_2_POSITIONAL,B_CONTINUATION_RIDING,SELL,64065.35,65787.630893,62999.470223,49000.0,0.00652005,11.2294,62999.470223,MTF_TRAIL_HIT,0.5822,6.5374
BTCUSDT,SET_2_POSITIONAL,B_CONTINUATION_RIDING,SELL,62886.03,65806.023036,65806.023036,49000.0,0.00386807,11.2947,62729.78,MTF_CHOCH_EXIT,0.032,0.3616
BTCUSDT,SET_2_POSITIONAL,B_CONTINUATION_RIDING,SELL,62729.78,64872.746429,60785.561607,49000.0,0.00527229,11.2984,60785.561607,MTF_TRAIL_HIT,0.8787,9.9279
BTCUSDT,SET_2_POSITIONAL,B_CONTINUATION_RIDING,SELL,61077.99,63494.855179,63494.855179,49000.0,0.00471587,11.3976,60883.65,MTF_CHOCH_EXIT,0.0552,0.6291
BTCUSDT,SET_2_POSITIONAL,B_CONTINUATION_RIDING,SELL,61282.01,63505.843214,58670.968304,49000.0,0.00512805,11.4039,58670.968304,MTF_TRAIL_HIT,1.1475,13.086
BTCUSDT,SET_2_POSITIONAL,B_CONTINUATION_RIDING,SELL,59794.0,62266.638393,58955.159598,49000.0,0.00466497,11.5348,58955.159598,MTF_TRAIL_HIT,0.3153,3.6373
BTCUSDT,SET_2_POSITIONAL,B_CONTINUATION_RIDING,SELL,60328.32,62292.558214,62292.558214,49000.0,0.00589091,11.5712,60305.73,MTF_CHOCH_EXIT,-0.0192,-0.2223
BTCUSDT,SET_2_POSITIONAL,B_CONTINUATION_RIDING,SELL,60305.73,61077.015179,60047.981295,49000.0,0.01499955,11.5689,60047.981295,MTF_TRAIL_HIT,0.2562,2.9645
BTCUSDT,SET_2_POSITIONAL,B_CONTINUATION_RIDING,SELL,60029.0,61174.977679,61174.977679,49000.0,0.01012112,11.5986,60197.04,MTF_CHOCH_EXIT,-0.1991,-2.3098
BTCUSDT,SET_2_POSITIONAL,B_CONTINUATION_RIDING,SELL,60197.04,61164.744643,59512.186161,49000.0,0.01196179,11.5755,59512.186161,MTF_TRAIL_HIT,0.6461,7.4785
BTCUSDT,SET_2_POSITIONAL,B_CONTINUATION_RIDING,SELL,59481.79,61113.855179,61113.855179,49000.0,0.00713836,11.6503,60049.46,MTF_CHOCH_EXIT,-0.3846,-4.4801
BTCUSDT,SET_2_POSITIONAL,B_CONTINUATION_RIDING,SELL,61358.01,61685.315893,61229.056473,60000.0,0.03545754,11.6055,61229.056473,MTF_TRAIL_HIT,0.2068,2.4001
BTCUSDT,SET_2_POSITIONAL,B_CONTINUATION_RIDING,SELL,62210.0,62631.430179,62631.430179,60000.0,0.02759523,11.6295,62631.430179,SL_HIT,-1.1484,-13.3557
BTCUSDT,SET_2_POSITIONAL,B_CONTINUATION_RIDING,SELL,62583.26,63185.991964,63185.991964,60000.0,0.019073,11.4959,62627.29,MTF_CHOCH_EXIT,-0.177,-2.0343
BTCUSDT,SET_2_POSITIONAL,B_CONTINUATION_RIDING,SELL,62627.29,63185.566429,62467.809107,60000.0,0.02055534,11.4756,62467.809107,MTF_TRAIL_HIT,0.1737,1.9933
BTCUSDT,SET_2_POSITIONAL,B_CONTINUATION_RIDING,SELL,62576.0,63167.061607,63167.061607,60000.0,0.01944889,11.4955,63167.061607,SL_HIT,-1.1067,-12.7219
BTCUSDT,SET_2_POSITIONAL,B_CONTINUATION_RIDING,SELL,63294.72,63608.750357,63006.487589,60000.0,0.0362012,11.3683,63006.487589,MTF_TRAIL_HIT,0.717,8.151
BTCUSDT,SET_2_POSITIONAL,B_CONTINUATION_RIDING,SELL,63144.01,63599.236964,62709.886741,60000.0,0.02515182,11.4498,62709.886741,MTF_TRAIL_HIT,0.8157,9.3393
BTCUSDT,SET_2_POSITIONAL,B_CONTINUATION_RIDING,SELL,63020.21,63595.369107,62580.379777,60000.0,0.02006954,11.5432,62580.379777,MTF_TRAIL_HIT,0.6557,7.5693
BTCUSDT,SET_2_POSITIONAL,B_CONTINUATION_RIDING,SELL,63650.0,64139.873929,63258.478482,60000.0,0.02371809,11.6189,63258.478482,MTF_TRAIL_HIT,0.6699,7.7837
BTCUSDT,SET_2_POSITIONAL,B_CONTINUATION_RIDING,SELL,63545.98,64178.030536,64178.030536,60000.0,0.01850597,11.6967,64178.030536,SL_HIT,-1.1014,-12.8822
BTCUSDT,SET_2_POSITIONAL,B_CONTINUATION_RIDING,SELL,64042.02,64894.185536,63363.041384,60000.0,0.01357469,11.5679,63363.041384,MTF_TRAIL_HIT,0.7222,8.3548
BTCUSDT,SET_2_POSITIONAL,B_CONTINUATION_RIDING,SELL,62868.05,63495.235357,63495.235357,60000.0,0.01857734,11.6514,63495.235357,SL_HIT,-1.1011,-12.8289
BTCUSDT,SET_2_POSITIONAL,B_CONTINUATION_RIDING,SELL,63248.1,63720.151071,63044.022768,60000.0,0.0244108,11.5231,63044.022768,MTF_TRAIL_HIT,0.2987,3.4415
BTCUSDT,SET_2_POSITIONAL,B_CONTINUATION_RIDING,SELL,63947.2,64255.803214,64255.803214,60000.0,0.0374512,11.5576,64255.803214,SL_HIT,-1.208,-13.9621
BTCUSDT,SET_2_POSITIONAL,B_CONTINUATION_RIDING,SELL,64040.0,64889.198036,64889.198036,60000.0,0.01344556,11.4179,64150.42,MTF_CHOCH_EXIT,-0.2056,-2.347
BTCUSDT,SET_2_POSITIONAL,B_CONTINUATION_RIDING,SELL,64150.42,64863.723214,63880.485804,60000.0,0.01597423,11.3945,63880.485804,MTF_TRAIL_HIT,0.2888,3.2905
BTCUSDT,SET_2_POSITIONAL,B_CONTINUATION_RIDING,SELL,64223.73,64631.797679,63742.84692,60000.0,0.02800363,11.4274,63742.84692,MTF_TRAIL_HIT,1.022,11.6785
BTCUSDT,SET_2_POSITIONAL,B_CONTINUATION_RIDING,SELL,63885.27,64636.225357,62928.778839,60000.0,0.01537263,11.5442,62928.778839,MTF_TRAIL_HIT,1.1896,13.7333
BTCUSDT,SET_2_POSITIONAL,B_CONTINUATION_RIDING,SELL,64743.99,65139.9125,64330.750625,60000.0,0.0295045,11.6815,64330.750625,MTF_TRAIL_HIT,0.881,10.2916
BTCUSDT,SET_2_POSITIONAL,B_CONTINUATION_RIDING,SELL,64569.59,65145.783393,65145.783393,60000.0,0.02045218,11.7844,64792.01,MTF_CHOCH_EXIT,-0.4984,-5.8734
BTCUSDT,SET_2_POSITIONAL,B_CONTINUATION_RIDING,SELL,64792.01,65291.394643,64609.846161,60000.0,0.02348025,11.7257,64609.846161,MTF_TRAIL_HIT,0.2353,2.7591
BTCUSDT,SET_2_POSITIONAL,B_CONTINUATION_RIDING,SELL,64549.34,65472.449821,65472.449821,60000.0,0.01273225,11.7533,65472.449821,SL_HIT,-1.0707,-12.5847
BTCUSDT,SET_2_POSITIONAL,B_CONTINUATION_RIDING,SELL,65427.61,65779.17625,64826.381562,60000.0,0.0330732,11.6274,64826.381562,MTF_TRAIL_HIT,1.5254,17.7362
BTCUSDT,SET_2_POSITIONAL,B_CONTINUATION_RIDING,SELL,64977.34,65784.371071,64593.767768,60000.0,0.01462742,11.8048,64593.767768,MTF_TRAIL_HIT,0.3951,4.6646
BTCUSDT,SET_2_POSITIONAL,B_CONTINUATION_RIDING,SELL,64619.95,65768.720536,64175.192634,60000.0,0.01031662,11.8514,64175.192634,MTF_TRAIL_HIT,0.3312,3.9253
BTCUSDT,SET_2_POSITIONAL,B_CONTINUATION_RIDING,SELL,64704.73,65790.988571,64255.654643,60000.0,0.01094646,11.8907,64255.654643,MTF_TRAIL_HIT,0.3542,4.2113
BTCUSDT,SET_2_POSITIONAL,B_CONTINUATION_RIDING,SELL,64160.8,65084.648571,65084.648571,60000.0,0.0129164,11.9328,64017.84,MTF_CHOCH_EXIT,0.0854,1.0192
BTCUSDT,SET_2_POSITIONAL,B_CONTINUATION_RIDING,SELL,64017.84,64554.365357,64554.365357,60000.0,0.02225987,11.943,64554.365357,SL_HIT,-1.1201,-13.3778
BTCUSDT,SET_2_POSITIONAL,B_CONTINUATION_RIDING,SELL,64552.79,64817.629464,64817.629464,60000.0,0.04459006,11.8092,64817.629464,SL_HIT,-1.2446,-14.6975
BTCUSDT,SET_2_POSITIONAL,B_CONTINUATION_RIDING,SELL,64706.18,65095.691786,64542.377946,60000.0,0.02994064,11.6622,64542.377946,MTF_TRAIL_HIT,0.2547,2.9706
BTCUSDT,SET_2_POSITIONAL,B_CONTINUATION_RIDING,SELL,64467.64,65082.979107,65082.979107,60000.0,0.01900081,11.6919,65082.979107,SL_HIT,-1.1056,-12.9264
BTCUSDT,SET_2_POSITIONAL,B_CONTINUATION_RIDING,SELL,64869.8,65196.500893,63847.505223,60000.0,0.03539224,11.5627,63847.505223,MTF_TRAIL_HIT,2.9331,33.914
BTCUSDT,SET_2_POSITIONAL,B_CONTINUATION_RIDING,SELL,64280.01,65210.284821,63332.568705,60000.0,0.01279387,11.9018,63332.568705,MTF_TRAIL_HIT,0.9502,11.3086
BTCUSDT,SET_2_POSITIONAL,B_CONTINUATION_RIDING,SELL,65142.0,65970.221786,65970.221786,60000.0,0.01450687,12.0149,65566.78,MTF_CHOCH_EXIT,-0.592,-7.1123
BTCUSDT,SET_3_SWING,A_PULLBACK_RIDING,SELL,62932.19,63202.166607,62673.584152,59130.91,0.03704025,10.0,62673.584152,MTF_TRAIL_HIT,0.7255,7.2551
BTCUSDT,SET_3_SWING,A_PULLBACK_RIDING,SELL,62630.0,63202.853214,63202.853214,59130.91,0.01758313,10.0726,62744.42,MTF_CHOCH_EXIT,-0.3092,-3.1149
BTCUSDT,SET_3_SWING,A_PULLBACK_RIDING,SELL,62744.42,63195.956964,63195.956964,59130.91,0.02223827,10.0414,62800.0,MTF_CHOCH_EXIT,-0.2622,-2.6325
BTCUSDT,SET_3_SWING,A_PULLBACK_RIDING,SELL,62800.0,63187.934464,62509.033616,59130.91,0.02581642,10.0151,62509.033616,MTF_TRAIL_HIT,0.5887,5.8962
BTCUSDT,SET_3_SWING,A_PULLBACK_RIDING,SELL,62921.19,63321.178571,62685.197143,59130.91,0.02518582,10.074,62685.197143,MTF_TRAIL_HIT,0.4331,4.3635
BTCUSDT,SET_3_SWING,A_PULLBACK_RIDING,SELL,60324.0,60615.497857,60615.497857,58115.01,0.03470926,10.1177,60615.497857,SL_HIT,-1.2078,-12.2199
BTCUSDT,SET_3_SWING,B_CONTINUATION_RIDING,SELL,62453.74,62729.723571,62304.995893,61306.84,0.03621765,9.9955,62304.995893,MTF_TRAIL_HIT,0.3131,3.1292
BTCUSDT,SET_3_SWING,B_CONTINUATION_RIDING,SELL,63000.0,63373.945536,63373.945536,61306.84,0.02681344,10.0268,62903.65,MTF_CHOCH_EXIT,0.0894,0.896
BTCUSDT,SET_3_SWING,B_CONTINUATION_RIDING,SELL,63028.35,63389.16875,62756.864688,61306.84,0.02781376,10.0357,62756.864688,MTF_TRAIL_HIT,0.5783,5.8038
BTCUSDT,SET_3_SWING,B_CONTINUATION_RIDING,SELL,63016.0,63393.218036,62905.404509,61306.84,0.02675844,10.0938,62905.404509,MTF_TRAIL_HIT,0.1263,1.2753
BTCUSDT,SET_3_SWING,B_CONTINUATION_RIDING,SELL,63219.03,63605.49,63605.49,61306.84,0.02615152,10.1065,63313.38,MTF_CHOCH_EXIT,-0.4079,-4.1229
BTCUSDT,SET_3_SWING,B_CONTINUATION_RIDING,SELL,63313.38,63597.056786,63131.829196,61306.84,0.03548154,10.0653,63131.829196,MTF_TRAIL_HIT,0.4173,4.2001
BTCUSDT,SET_3_SWING,B_CONTINUATION_RIDING,SELL,63230.0,63591.655,63016.42375,61306.84,0.02794732,10.1073,63016.42375,MTF_TRAIL_HIT,0.4162,4.2063
BTCUSDT,SET_3_SWING,B_CONTINUATION_RIDING,SELL,64140.01,64783.558571,63893.547143,61306.84,0.01577092,10.1494,63893.547143,MTF_TRAIL_HIT,0.2836,2.8784
BTCUSDT,SET_3_SWING,B_CONTINUATION_RIDING,SELL,64011.99,64608.910893,64608.910893,61306.84,0.01705106,10.1781,64124.0,MTF_CHOCH_EXIT,-0.295,-3.0031
BTCUSDT,SET_3_SWING,A_PULLBACK_RIDING,SELL,63153.99,63446.307679,63446.307679,61306.84,0.03471602,10.1481,63446.307679,SL_HIT,-1.2169,-12.349
BTCUSDT,SET_3_SWING,A_PULLBACK_RIDING,SELL,64049.86,64325.097321,63962.80933,61306.84,0.03642171,10.0246,63962.80933,MTF_TRAIL_HIT,0.0838,0.8399
BTCUSDT,SET_3_SWING,A_PULLBACK_RIDING,SELL,64160.8,64481.8675,64038.456875,61306.84,0.03124893,10.033,64038.456875,MTF_TRAIL_HIT,0.1815,1.8209
BTCUSDT,SET_3_SWING,A_PULLBACK_RIDING,BUY,65235.55,62432.061071,62432.061071,82850.0,0.00358526,10.0512,65522.01,MTF_CHOCH_EXIT,0.0788,0.7924
BTCUSDT,SET_3_SWING,A_PULLBACK_RIDING,BUY,66319.95,65969.6,66415.2125,82850.0,0.02871171,10.0591,66415.2125,MTF_TRAIL_HIT,0.0824,0.8291
BTCUSDT,SET_3_SWING,A_PULLBACK_RIDING,BUY,66444.76,65973.332321,65973.332321,82850.0,0.02135521,10.0674,66406.57,MTF_CHOCH_EXIT,-0.2219,-2.2336
BTCUSDT,SET_3_SWING,A_PULLBACK_RIDING,BUY,66406.57,65977.267143,66632.564286,82850.0,0.02339864,10.0451,66632.564286,MTF_TRAIL_HIT,0.3713,3.7301
BTCUSDT,SET_4_INTRADAY,B_CONTINUATION_RIDING,SELL,66058.19,66347.1525,66347.1525,61306.84,0.03460657,10.0,66042.0,MTF_CHOCH_EXIT,-0.1726,-1.7257
BTCUSDT,SET_4_INTRADAY,B_CONTINUATION_RIDING,SELL,66042.0,66346.601071,65827.150268,61306.84,0.03277317,9.9827,65827.150268,MTF_TRAIL_HIT,0.4891,4.8822
BTCUSDT,SET_4_INTRADAY,B_CONTINUATION_RIDING,SELL,65790.01,66348.949464,66348.949464,61306.84,0.0179475,10.0316,65736.01,MTF_CHOCH_EXIT,-0.021,-0.211
BTCUSDT,SET_4_INTRADAY,B_CONTINUATION_RIDING,SELL,65736.01,66348.975714,66348.975714,61306.84,0.01636218,10.0295,65633.99,MTF_CHOCH_EXIT,0.0593,0.5949
BTCUSDT,SET_4_INTRADAY,B_CONTINUATION_RIDING,SELL,65455.92,65853.89796,65853.89796,61306.84,0.02521598,10.0354,65538.01,MTF_CHOCH_EXIT,-0.3709,-3.7224
BTCUSDT,SET_4_INTRADAY,B_CONTINUATION_RIDING,SELL,65150.1,65467.707857,64926.711964,61306.84,0.03147964,9.9982,64926.711964,MTF_TRAIL_HIT,0.4987,4.9866
BTCUSDT,SET_4_INTRADAY,B_CONTINUATION_RIDING,SELL,64909.99,65270.571964,64818.145491,61306.84,0.02786619,10.048,64818.145491,MTF_TRAIL_HIT,0.0749,0.7523
BTCUSDT,SET_4_INTRADAY,B_CONTINUATION_RIDING,SELL,64772.01,65267.401964,65267.401964,61306.84,0.02029821,10.0556,64871.97,MTF_CHOCH_EXIT,-0.3327,-3.3456
BTCUSDT,SET_4_INTRADAY,A_PULLBACK_RIDING,SELL,64681.27,64999.181786,64999.181786,61306.84,0.03152482,10.0221,64742.0,MTF_CHOCH_EXIT,-0.3947,-3.9554
BTCUSDT,SET_4_INTRADAY,A_PULLBACK_RIDING,SELL,64780.01,65166.380005,64457.502501,61306.84,0.02583679,9.9826,64457.502501,MTF_TRAIL_HIT,0.6677,6.6653
BTCUSDT,SET_4_INTRADAY,B_CONTINUATION_RIDING,SELL,65367.99,65771.741607,64971.617902,61544.56,0.02488959,10.0492,64971.617902,MTF_TRAIL_HIT,0.8206,8.2462
ETHUSDT,SET_1_INVESTING,B_CONTINUATION_RIDING,BUY,2972.46,2776.545893,3078.011473,4093.92,0.05104278,10.0,3078.011473,MTF_TRAIL_HIT,0.5232,5.2316
ETHUSDT,SET_1_INVESTING,B_CONTINUATION_RIDING,BUY,3005.69,2778.068929,2778.068929,4093.92,0.0441625,10.0523,2950.99,MTF_CHOCH_EXIT,-0.2533,-2.5465
ETHUSDT,SET_1_INVESTING,B_CONTINUATION_RIDING,BUY,2950.99,2830.118036,3011.142009,4093.92,0.08295432,10.0269,3011.142009,MTF_TRAIL_HIT,0.4728,4.7411
ETHUSDT,SET_1_INVESTING,B_CONTINUATION_RIDING,BUY,3032.55,2832.000536,3096.842634,4093.92,0.05023331,10.0743,3096.842634,MTF_TRAIL_HIT,0.3052,3.0747
ETHUSDT,SET_1_INVESTING,B_CONTINUATION_RIDING,BUY,3071.19,2832.254286,3634.266071,4093.92,0.04229175,10.105,3634.266071,MTF_TRAIL_HIT,2.3419,23.6646
ETHUSDT,SET_1_INVESTING,B_CONTINUATION_RIDING,BUY,3667.85,3572.186429,3572.186429,4093.92,0.10810443,10.3417,3572.186429,SL_HIT,-1.0375,-10.7298
ETHUSDT,SET_1_INVESTING,B_CONTINUATION_RIDING,BUY,3497.33,3402.689821,3635.349955,4093.92,0.10813967,10.2344,3635.349955,MTF_TRAIL_HIT,1.4203,14.5354
ETHUSDT,SET_1_INVESTING,B_CONTINUATION_RIDING,BUY,3469.4,3397.585179,3514.656295,4093.92,0.14453438,10.3797,3514.656295,MTF_TRAIL_HIT,0.5814,6.0345
ETHUSDT,SET_1_INVESTING,B_CONTINUATION_RIDING,BUY,3481.8,3331.056607,3556.704152,4093.92,0.06925714,10.4401,3556.704152,MTF_TRAIL_HIT,0.4734,4.9424
ETHUSDT,SET_1_INVESTING,B_CONTINUATION_RIDING,BUY,3420.91,3320.8875,3320.8875,4093.92,0.1048712,10.4895,3320.8875,SL_HIT,-1.0334,-10.8398
ETHUSDT,SET_1_INVESTING,B_CONTINUATION_RIDING,BUY,3352.73,3203.658393,3393.612098,4093.92,0.06963822,10.3811,3393.612098,MTF_TRAIL_HIT,0.2515,2.6112
ETHUSDT,SET_1_INVESTING,B_CONTINUATION_RIDING,BUY,3371.44,3207.98125,3436.135313,4093.92,0.06366863,10.4072,3436.135313,MTF_TRAIL_HIT,0.3749,3.9011
ETHUSDT,SET_1_INVESTING,B_CONTINUATION_RIDING,BUY,3380.15,3209.164464,3482.193616,4093.92,0.06109409,10.4462,3482.193616,MTF_TRAIL_HIT,0.5766,6.0228
ETHUSDT,SET_1_INVESTING,B_CONTINUATION_RIDING,SELL,3203.4,3432.532679,3024.28317,167.32,0.04585306,10.5064,3024.28317,MTF_TRAIL_HIT,0.7684,8.0727
ETHUSDT,SET_1_INVESTING,B_CONTINUATION_RIDING,SELL,2989.61,3434.11,2741.125,167.32,0.02381813,10.5872,2741.125,MTF_TRAIL_HIT,0.5527,5.852
ETHUSDT,SET_1_INVESTING,B_CONTINUATION_RIDING,SELL,2722.3,2806.537321,2632.42933,167.32,0.12637724,10.6457,2632.42933,MTF_TRAIL_HIT,1.0354,11.0226
ETHUSDT,SET_1_INVESTING,B_CONTINUATION_RIDING,SELL,2702.44,2806.426786,2658.196696,167.32,0.10343532,10.7559,2658.196696,MTF_TRAIL_HIT,0.3998,4.3004
ETHUSDT,SET_1_INVESTING,B_CONTINUATION_RIDING,SELL,2661.45,2836.633036,2559.505759,167.32,0.06164359,10.7989,2559.505759,MTF_TRAIL_HIT,0.5672,6.1252
ETHUSDT,SET_1_INVESTING,B_CONTINUATION_RIDING,SELL,2569.89,2836.585536,2836.585536,167.32,0.0407212,10.8602,2636.36,MTF_CHOCH_EXIT,-0.2591,-2.8136
ETHUSDT,SET_1_INVESTING,B_CONTINUATION_RIDING,SELL,2572.82,2818.687143,2818.687143,167.32,0.04405642,10.832,2818.687143,SL_HIT,-1.0113,-10.9541
ETHUSDT,SET_1_INVESTING,B_CONTINUATION_RIDING,SELL,2768.0,2851.275,2687.47875,167.32,0.12875996,10.7225,2687.47875,MTF_TRAIL_HIT,0.9345,10.0197
ETHUSDT,SET_1_INVESTING,B_CONTINUATION_RIDING,SELL,2680.49,2846.533214,2434.470804,167.32,0.06517992,10.8227,2434.470804,MTF_TRAIL_HIT,1.4667,15.8736
ETHUSDT,SET_1_INVESTING,B_CONTINUATION_RIDING,SELL,2457.33,2849.747321,2849.747321,167.32,0.02798403,10.9814,2538.01,MTF_CHOCH_EXIT,-0.212,-2.3283
ETHUSDT,SET_1_INVESTING,A_PULLBACK_RIDING,BUY,2398.21,2330.028393,2462.954598,4093.92,0.16071982,10.9581,2462.954598,MTF_TRAIL_HIT,0.9137,10.012
ETHUSDT,SET_1_INVESTING,A_PULLBACK_RIDING,BUY,2422.55,2329.423036,2721.418259,4093.92,0.11874387,11.0583,2721.418259,MTF_TRAIL_HIT,3.1807,35.1728
ETHUSDT,SET_1_INVESTING,A_PULLBACK_RIDING,BUY,3076.0,2968.288929,3198.012232,4093.92,0.10593139,11.41,3198.012232,MTF_TRAIL_HIT,1.1033,12.5888
ETHUSDT,SET_1_INVESTING,A_PULLBACK_RIDING,BUY,3107.44,2966.544821,3351.506205,4093.92,0.08187556,11.5359,3351.506205,MTF_TRAIL_HIT,1.7088,19.7127
ETHUSDT,SET_1_INVESTING,B_CONTINUATION_RIDING,BUY,3327.29,3170.711964,3170.711964,4107.8,0.07493387,11.733,3170.711964,SL_HIT,-1.0204,-11.9729
ETHUSDT,SET_1_INVESTING,B_CONTINUATION_RIDING,BUY,3219.2,3120.709107,3297.867277,4107.8,0.11791212,11.6133,3297.867277,MTF_TRAIL_HIT,0.7654,8.8889
ETHUSDT,SET_1_INVESTING,B_CONTINUATION_RIDING,BUY,3267.04,3120.870536,3120.870536,4107.8,0.08005885,11.7022,3120.870536,SL_HIT,-1.0215,-11.9543
ETHUSDT,SET_1_INVESTING,B_CONTINUATION_RIDING,BUY,3242.6,3077.618393,3306.724598,4107.8,0.0702055,11.5826,3306.724598,MTF_TRAIL_HIT,0.3687,4.2707
ETHUSDT,SET_1_INVESTING,B_CONTINUATION_RIDING,BUY,3232.61,3077.204643,3077.204643,4107.8,0.07480644,11.6253,3077.204643,SL_HIT,-1.02,-11.8578
ETHUSDT,SET_1_INVESTING,A_PULLBACK_RIDING,SELL,2518.11,2906.305714,2194.958929,167.32,0.02964161,11.5067,2194.958929,MTF_TRAIL_HIT,0.8266,9.5117
ETHUSDT,SET_1_INVESTING,A_PULLBACK_RIDING,SELL,2066.15,2125.129107,1996.344777,167.32,0.19671138,11.6019,1996.344777,MTF_TRAIL_HIT,1.1495,13.336
ETHUSDT,SET_1_INVESTING,A_PULLBACK_RIDING,SELL,2009.52,2124.545714,1888.756429,167.32,0.10202259,11.7352,1888.756429,MTF_TRAIL_HIT,1.0333,12.1254
ETHUSDT,SET_1_INVESTING,A_PULLBACK_RIDING,SELL,1896.9,2124.914286,1824.693571,167.32,0.05199883,11.8565,1824.693571,MTF_TRAIL_HIT,0.3086,3.659
ETHUSDT,SET_1_INVESTING,A_PULLBACK_RIDING,SELL,1817.23,2060.46375,1598.308437,167.32,0.04889562,11.8931,1598.308437,MTF_TRAIL_HIT,0.8933,10.624
ETHUSDT,SET_1_INVESTING,A_PULLBACK_RIDING,SELL,1623.77,1729.041071,1564.387768,167.32,0.11398483,11.9993,1564.387768,MTF_TRAIL_HIT,0.5491,6.589
ETHUSDT,SET_1_INVESTING,A_PULLBACK_RIDING,SELL,1577.14,1726.687321,1726.687321,167.32,0.08067811,12.0652,1579.57,MTF_CHOCH_EXIT,-0.0268,-0.3235
ETHUSDT,SET_1_INVESTING,A_PULLBACK_RIDING,SELL,1579.57,1718.353929,1718.353929,167.32,0.0869118,12.062,1718.353929,SL_HIT,-1.0122,-12.2089
ETHUSDT,SET_1_INVESTING,A_PULLBACK_RIDING,SELL,1756.26,1805.985536,1805.985536,167.32,0.24011549,11.9399,1805.985536,SL_HIT,-1.0361,-12.3712
ETHUSDT,SET_1_INVESTING,A_PULLBACK_RIDING,SELL,1795.07,1859.023393,1738.888348,167.32,0.18476204,11.8162,1738.888348,MTF_TRAIL_HIT,0.8511,10.0568
ETHUSDT,SET_1_INVESTING,A_PULLBACK_RIDING,SELL,1820.88,1862.13875,1792.214688,167.32,0.28882911,11.9167,1792.214688,MTF_TRAIL_HIT,0.6512,7.76
ETHUSDT,SET_1_INVESTING,A_PULLBACK_RIDING,SELL,1791.29,1878.231429,1766.445357,167.32,0.13795872,11.9943,1766.445357,MTF_TRAIL_HIT,0.2654,3.1831
ETHUSDT,SET_1_INVESTING,A_PULLBACK_RIDING,SELL,1799.88,1878.005179,1751.231295,167.32,0.15393448,12.0262,1751.231295,MTF_TRAIL_HIT,0.6002,7.2176
ETHUSDT,SET_1_INVESTING,A_PULLBACK_RIDING,SELL,1793.61,1877.896964,1877.896964,167.32,0.14353744,12.0983,1820.19,MTF_CHOCH_EXIT,-0.3369,-4.0758
ETHUSDT,SET_1_INVESTING,B_CONTINUATION_RIDING,SELL,1820.19,1893.59625,1770.351562,1385.05,0.16425818,12.0576,1770.351562,MTF_TRAIL_HIT,0.6547,7.8939
ETHUSDT,SET_1_INVESTING,B_CONTINUATION_RIDING,SELL,1817.0,1890.527679,1890.527679,1385.05,0.16506051,12.1365,1890.527679,SL_HIT,-1.0255,-12.4462
ETHUSDT,SET_1_INVESTING,B_CONTINUATION_RIDING,SELL,2207.39,2248.901429,2194.707857,1385.05,0.28936741,12.0121,2194.707857,MTF_TRAIL_HIT,0.2526,3.0339
ETHUSDT,SET_1_INVESTING,B_CONTINUATION_RIDING,SELL,2345.04,2517.559286,2517.559286,1385.05,0.06980317,12.0424,2517.559286,SL_HIT,-1.0144,-12.2157
ETHUSDT,SET_1_INVESTING,B_CONTINUATION_RIDING,SELL,2514.57,2640.594821,2438.136205,1385.05,0.09458641,11.9202,2438.136205,MTF_TRAIL_HIT,0.587,6.9975
ETHUSDT,SET_1_INVESTING,B_CONTINUATION_RIDING,SELL,2495.47,2658.859464,2658.859464,1385.05,0.07338424,11.9902,2658.859464,SL_HIT,-1.0161,-12.183
ETHUSDT,SET_1_INVESTING,B_CONTINUATION_RIDING,SELL,2679.71,2778.014464,2571.836116,1385.05,0.12073085,11.8684,2571.836116,MTF_TRAIL_HIT,1.071,12.7106
ETHUSDT,SET_1_INVESTING,B_CONTINUATION_RIDING,SELL,2609.74,2779.686429,2518.516607,1385.05,0.07058393,11.9955,2518.516607,MTF_TRAIL_HIT,0.5218,6.2598
ETHUSDT,SET_1_INVESTING,B_CONTINUATION_RIDING,SELL,2548.69,2781.299821,2381.362455,1385.05,0.05183825,12.0581,2381.362455,MTF_TRAIL_HIT,0.709,8.5488
ETHUSDT,SET_1_INVESTING,B_CONTINUATION_RIDING,SELL,2528.14,2789.867321,2789.867321,1385.05,0.0463978,12.1436,2563.7,MTF_CHOCH_EXIT,-0.1456,-1.7685
ETHUSDT,SET_1_INVESTING,B_CONTINUATION_RIDING,SELL,2563.7,2774.715714,2774.715714,1385.05,0.05746438,12.1259,2774.715714,SL_HIT,-1.013,-12.2829
ETHUSDT,SET_1_INVESTING,B_CONTINUATION_RIDING,SELL,2631.39,2824.549286,2555.639821,1385.05,0.06214072,12.0031,2555.639821,MTF_TRAIL_HIT,0.3789,4.5474
ETHUSDT,SET_1_INVESTING,B_CONTINUATION_RIDING,SELL,2539.21,2821.33625,2821.33625,1385.05,0.04270617,12.0485,2607.41,MTF_CHOCH_EXIT,-0.2509,-3.0233
ETHUSDT,SET_1_INVESTING,B_CONTINUATION_RIDING,SELL,2593.36,2819.107143,2448.096786,1385.05,0.05323788,12.0183,2448.096786,MTF_TRAIL_HIT,0.6325,7.6016
ETHUSDT,SET_1_INVESTING,B_CONTINUATION_RIDING,SELL,2476.1,2710.051607,2710.051607,1385.05,0.0516958,12.0943,2680.13,MTF_CHOCH_EXIT,-0.8834,-10.684
ETHUSDT,SET_1_INVESTING,B_CONTINUATION_RIDING,SELL,2771.61,2912.245536,2651.398884,1385.05,0.08523788,11.9875,2651.398884,MTF_TRAIL_HIT,0.8357,10.0185
ETHUSDT,SET_1_INVESTING,B_CONTINUATION_RIDING,SELL,2642.65,2912.239107,2504.377277,1385.05,0.04483734,12.0877,2504.377277,MTF_TRAIL_HIT,0.5035,6.0862
ETHUSDT,SET_1_INVESTING,B_CONTINUATION_RIDING,SELL,2415.96,2605.441786,2605.441786,1385.05,0.06411446,12.1485,2485.47,MTF_CHOCH_EXIT,-0.3799,-4.6151
ETHUSDT,SET_1_INVESTING,B_CONTINUATION_RIDING,SELL,2485.47,2557.818929,2404.607232,1385.05,0.16727782,12.1024,2404.607232,MTF_TRAIL_HIT,1.0842,13.1215
ETHUSDT,SET_1_INVESTING,B_CONTINUATION_RIDING,SELL,2405.01,2556.916786,2556.916786,1385.05,0.08053351,12.2336,2556.916786,SL_HIT,-1.0166,-12.4371
ETHUSDT,SET_1_INVESTING,B_CONTINUATION_RIDING,SELL,2570.41,2654.118929,2495.167232,1385.05,0.14465859,12.1092,2495.167232,MTF_TRAIL_HIT,0.8689,10.5213
ETHUSDT,SET_1_INVESTING,B_CONTINUATION_RIDING,SELL,2508.04,2669.353036,2669.353036,1385.05,0.0757188,12.2144,2542.29,MTF_CHOCH_EXIT,-0.228,-2.7854
ETHUSDT,SET_1_INVESTING,A_PULLBACK_RIDING,SELL,3026.56,3177.8075,2753.851875,1385.05,0.08057373,12.1866,2753.851875,MTF_TRAIL_HIT,1.7845,21.7468
ETHUSDT,SET_1_INVESTING,A_PULLBACK_RIDING,SELL,3188.36,3256.922321,3083.51058,2623.57,0.18091632,12.404,3083.51058,MTF_TRAIL_HIT,1.484,18.4072
ETHUSDT,SET_1_INVESTING,B_CONTINUATION_RIDING,SELL,3004.19,3080.208929,3080.208929,167.32,0.16559186,12.5881,3080.208929,SL_HIT,-1.0403,-13.0957
ETHUSDT,SET_1_INVESTING,B_CONTINUATION_RIDING,SELL,3125.45,3171.477321,3087.50683,167.32,0.27064704,12.4572,3087.50683,MTF_TRAIL_HIT,0.7571,9.4314
ETHUSDT,SET_1_INVESTING,B_CONTINUATION_RIDING,SELL,3144.7,3188.857679,3188.857679,167.32,0.28424212,12.5515,3188.857679,SL_HIT,-1.072,-13.4555
ETHUSDT,SET_1_INVESTING,B_CONTINUATION_RIDING,SELL,3224.99,3287.595536,3198.921384,167.32,0.19833577,12.4169,3198.921384,MTF_TRAIL_HIT,0.3652,4.5347
ETHUSDT,SET_1_INVESTING,B_CONTINUATION_RIDING,SELL,3296.84,3330.63,3133.8675,167.32,0.36881517,12.4623,3133.8675,MTF_TRAIL_HIT,4.7294,58.9387
ETHUSDT,SET_1_INVESTING,B_CONTINUATION_RIDING,SELL,3168.72,3332.09375,3095.493438,167.32,0.0798883,13.0517,3095.493438,MTF_TRAIL_HIT,0.4292,5.6014
ETHUSDT,SET_1_INVESTING,B_CONTINUATION_RIDING,SELL,3106.65,3332.977321,3332.977321,167.32,0.05791464,13.1077,3095.75,MTF_CHOCH_EXIT,0.0345,0.4518
ETHUSDT,SET_1_INVESTING,B_CONTINUATION_RIDING,SELL,3095.75,3332.200536,3332.200536,167.32,0.05545424,13.1122,3332.200536,SL_HIT,-1.0139,-13.2944
ETHUSDT,SET_1_INVESTING,B_CONTINUATION_RIDING,SELL,3325.82,3394.4425,3297.635625,167.32,0.18913973,12.9792,3297.635625,MTF_TRAIL_HIT,0.3626,4.7059
ETHUSDT,SET_1_INVESTING,B_CONTINUATION_RIDING,SELL,3354.92,3430.493214,3292.613304,167.32,0.17236663,13.0263,3292.613304,MTF_TRAIL_HIT,0.7807,10.1698
ETHUSDT,SET_1_INVESTING,B_CONTINUATION_RIDING,SELL,3296.28,3430.276786,3198.879196,167.32,0.09797249,13.128,3198.879196,MTF_TRAIL_HIT,0.7029,9.2272
ETHUSDT,SET_1_INVESTING,B_CONTINUATION_RIDING,SELL,3189.55,3430.556071,2980.251518,167.32,0.05485451,13.2203,2980.251518,MTF_TRAIL_HIT,0.8559,11.3152
ETHUSDT,SET_1_INVESTING,B_CONTINUATION_RIDING,SELL,2939.88,3433.322321,3433.322321,167.32,0.02702124,13.3334,2930.35,MTF_CHOCH_EXIT,0.0134,0.1783
ETHUSDT,SET_1_INVESTING,B_CONTINUATION_RIDING,SELL,3026.77,3232.263571,2805.903393,167.32,0.06489354,13.3352,2805.903393,MTF_TRAIL_HIT,1.0609,14.1478
ETHUSDT,SET_1_INVESTING,B_CONTINUATION_RIDING,SELL,2822.59,3079.118571,2700.142143,167.32,0.05253482,13.4767,2700.142143,MTF_TRAIL_HIT,0.4667,6.2896
ETHUSDT,SET_1_INVESTING,B_CONTINUATION_RIDING,SELL,2707.38,3081.241071,2343.465268,167.32,0.03621554,13.5396,2343.465268,MTF_TRAIL_HIT,0.9669,13.0918
ETHUSDT,SET_1_INVESTING,A_PULLBACK_RIDING,SELL,2057.48,2174.949821,2004.717455,167.32,0.11637455,13.6705,2004.717455,MTF_TRAIL_HIT,0.432,5.9057
ETHUSDT,SET_1_INVESTING,A_PULLBACK_RIDING,SELL,2027.68,2175.017679,1923.83442,167.32,0.09318427,13.7296,1923.83442,MTF_TRAIL_HIT,0.6916,9.4955
ETHUSDT,SET_1_INVESTING,A_PULLBACK_RIDING,SELL,1929.84,2175.509821,2175.509821,167.32,0.05627272,13.8245,2027.35,MTF_CHOCH_EXIT,-0.4051,-5.6002
ETHUSDT,SET_1_INVESTING,A_PULLBACK_RIDING,SELL,2027.35,2178.027857,1967.229464,167.32,0.09137712,13.7685,1967.229464,MTF_TRAIL_HIT,0.3859,5.3128
ETHUSDT,SET_1_INVESTING,A_PULLBACK_RIDING,SELL,1982.8,2178.710893,2178.710893,167.32,0.07055063,13.8216,2178.710893,SL_HIT,-1.0109,-13.9726
ETHUSDT,SET_1_INVESTING,A_PULLBACK_RIDING,SELL,2127.28,2231.796786,2080.879196,167.32,0.13090634,13.6819,2080.879196,MTF_TRAIL_HIT,0.424,5.8005
ETHUSDT,SET_1_INVESTING,A_PULLBACK_RIDING,SELL,2072.86,2232.303214,1995.810804,167.32,0.08617435,13.7399,1995.810804,MTF_TRAIL_HIT,0.4706,6.4663
ETHUSDT,SET_1_INVESTING,A_PULLBACK_RIDING,SELL,1978.68,2233.716964,2233.716964,167.32,0.05412775,13.8046,1992.98,MTF_CHOCH_EXIT,-0.0639,-0.8818
ETHUSDT,SET_1_INVESTING,A_PULLBACK_RIDING,SELL,1992.98,2234.185,2234.185,167.32,0.05719517,13.7958,2234.185,SL_HIT,-1.0091,-13.9208
ETHUSDT,SET_1_INVESTING,A_PULLBACK_RIDING,SELL,2352.97,2415.034821,2309.666205,167.32,0.22003693,13.6566,2309.666205,MTF_TRAIL_HIT,0.6604,9.0182
ETHUSDT,SET_1_INVESTING,A_PULLBACK_RIDING,SELL,2317.39,2414.509643,2177.489911,167.32,0.14154433,13.7467,2177.489911,MTF_TRAIL_HIT,1.4178,19.4898
ETHUSDT,SET_1_INVESTING,A_PULLBACK_RIDING,SELL,2203.39,2413.489464,2123.304866,167.32,0.0663573,13.9416,2123.304866,MTF_TRAIL_HIT,0.371,5.1723
ETHUSDT,SET_1_INVESTING,A_PULLBACK_RIDING,SELL,2152.03,2415.03875,2036.682188,167.32,0.05320491,13.9934,2036.682188,MTF_TRAIL_HIT,0.4307,6.0275
ETHUSDT,SET_1_INVESTING,A_PULLBACK_RIDING,SELL,1992.75,2227.624464,2227.624464,167.32,0.05983465,14.0536,2026.48,MTF_CHOCH_EXIT,-0.1522,-2.1391
ETHUSDT,SET_1_INVESTING,A_PULLBACK_RIDING,SELL,2026.48,2225.205357,2225.205357,167.32,0.07061122,14.0322,2107.16,MTF_CHOCH_EXIT,-0.4165,-5.8446
ETHUSDT,SET_1_INVESTING,A_PULLBACK_RIDING,SELL,2107.16,2196.714821,2082.628705,167.32,0.1560362,13.9738,2082.628705,MTF_TRAIL_HIT,0.2506,3.502
ETHUSDT,SET_1_INVESTING,A_PULLBACK_RIDING,SELL,2240.01,2298.321429,2194.357857,167.32,0.2402413,14.0088,2194.357857,MTF_TRAIL_HIT,0.7451,10.4381
ETHUSDT,SET_1_INVESTING,A_PULLBACK_RIDING,SELL,2190.0,2299.001786,2299.001786,167.32,0.12947673,14.1132,2299.001786,SL_HIT,-1.0209,-14.4081
ETHUSDT,SET_1_INVESTING,A_PULLBACK_RIDING,SELL,2284.99,2354.406786,2192.354196,167.32,0.20123539,13.9691,2192.354196,MTF_TRAIL_HIT,1.3026,18.1966
ETHUSDT,SET_1_INVESTING,A_PULLBACK_RIDING,SELL,2191.65,2354.991429,2354.991429,167.32,0.08663497,14.1511,2354.991429,SL_HIT,-1.0142,-14.3523
ETHUSDT,SET_1_INVESTING,A_PULLBACK_RIDING,SELL,2369.46,2421.812679,2315.98817,167.32,0.26756142,14.0076,2315.98817,MTF_TRAIL_HIT,0.9769,13.6844
ETHUSDT,SET_1_INVESTING,A_PULLBACK_RIDING,SELL,2322.44,2442.624286,2442.624286,167.32,0.11768927,14.1444,2442.624286,SL_HIT,-1.0201,-14.4291
ETHUSDT,SET_1_INVESTING,A_PULLBACK_RIDING,SELL,2350.32,2493.609821,2288.542455,167.32,0.09770484,14.0001,2288.542455,MTF_TRAIL_HIT,0.4151,5.8111
ETHUSDT,SET_1_INVESTING,A_PULLBACK_RIDING,SELL,2263.27,2493.620357,2493.620357,167.32,0.06102973,14.0582,2313.85,MTF_CHOCH_EXIT,-0.2296,-3.2275
ETHUSDT,SET_1_INVESTING,A_PULLBACK_RIDING,SELL,2313.85,2493.617143,2493.617143,167.32,0.07802286,14.0259,2303.67,MTF_CHOCH_EXIT,0.0438,0.6143
ETHUSDT,SET_1_INVESTING,A_PULLBACK_RIDING,SELL,2303.67,2445.759464,2255.882366,167.32,0.09875531,14.0321,2255.882366,MTF_TRAIL_HIT,0.3204,4.4955
ETHUSDT,SET_1_INVESTING,A_PULLBACK_RIDING,SELL,2252.9,2445.572321,2445.572321,167.32,0.0730621,14.077,2347.16,MTF_CHOCH_EXIT,-0.5013,-7.057
ETHUSDT,SET_1_INVESTING,A_PULLBACK_RIDING,SELL,2347.16,2422.72375,2422.72375,167.32,0.18535971,14.0065,2422.72375,SL_HIT,-1.0319,-14.4528
ETHUSDT,SET_1_INVESTING,A_PULLBACK_RIDING,SELL,2350.84,2441.646429,2302.801607,167.32,0.15265381,13.8619,2302.801607,MTF_TRAIL_HIT,0.5036,6.9802
ETHUSDT,SET_1_INVESTING,A_PULLBACK_RIDING,SELL,2291.06,2441.211071,2441.211071,167.32,0.09278488,13.9317,2339.87,MTF_CHOCH_EXIT,-0.3406,-4.7451
ETHUSDT,SET_1_INVESTING,A_PULLBACK_RIDING,SELL,2339.87,2440.57,2281.445,167.32,0.13787784,13.8843,2281.445,MTF_TRAIL_HIT,0.5574,7.7393
ETHUSDT,SET_1_INVESTING,A_PULLBACK_RIDING,SELL,2274.96,2441.140357,2204.095089,167.32,0.08401529,13.9617,2204.095089,MTF_TRAIL_HIT,0.4131,5.7673
ETHUSDT,SET_1_INVESTING,A_PULLBACK_RIDING,SELL,2180.77,2400.66875,2400.66875,167.32,0.06375373,14.0194,2130.08,MTF_CHOCH_EXIT,0.2208,3.0952
ETHUSDT,SET_1_INVESTING,A_PULLBACK_RIDING,SELL,2130.08,2393.731071,2393.731071,167.32,0.05329133,14.0503,2113.01,MTF_CHOCH_EXIT,0.0567,0.7969
ETHUSDT,SET_1_INVESTING,A_PULLBACK_RIDING,SELL,2113.01,2177.124286,2071.088571,167.32,0.21926916,14.0583,2071.088571,MTF_TRAIL_HIT,0.6214,8.736
ETHUSDT,SET_1_INVESTING,A_PULLBACK_RIDING,SELL,2073.77,2177.139464,2041.842366,167.32,0.1368455,14.1456,2041.842366,MTF_TRAIL_HIT,0.2891,4.0888
ETHUSDT,SET_1_INVESTING,A_PULLBACK_RIDING,SELL,2024.84,2176.999643,2176.999643,167.32,0.09323454,14.1865,2006.73,MTF_CHOCH_EXIT,0.1058,1.501
ETHUSDT,SET_1_INVESTING,A_PULLBACK_RIDING,SELL,1681.18,1746.130714,1746.130714,167.32,0.21865109,14.2015,1746.130714,SL_HIT,-1.0267,-14.5806
ETHUSDT,SET_1_INVESTING,A_PULLBACK_RIDING,SELL,1796.13,1875.66125,1745.222812,167.32,0.17673227,14.0557,1745.222812,MTF_TRAIL_HIT,0.618,8.6867
ETHUSDT,SET_1_INVESTING,A_PULLBACK_RIDING,SELL,1711.11,1873.222143,1873.222143,167.32,0.08723964,14.1426,1728.19,MTF_CHOCH_EXIT,-0.116,-1.6405
ETHUSDT,SET_1_INVESTING,A_PULLBACK_RIDING,SELL,1728.19,1866.804821,1670.303705,167.32,0.10190974,14.1262,1670.303705,MTF_TRAIL_HIT,0.4055,5.7278
ETHUSDT,SET_1_INVESTING,A_PULLBACK_RIDING,SELL,1667.13,1857.351607,1600.505402,167.32,0.07456291,14.1835,1600.505402,MTF_TRAIL_HIT,0.3418,4.8474
ETHUSDT,SET_1_INVESTING,A_PULLBACK_RIDING,SELL,1622.17,1829.152321,1563.74558,167.32,0.06875926,14.232,1563.74558,MTF_TRAIL_HIT,0.2747,3.9089
ETHUSDT,SET_1_INVESTING,A_PULLBACK_RIDING,SELL,1578.68,1800.616786,1800.616786,167.32,0.06430227,14.271,1613.07,MTF_CHOCH_EXIT,-0.1622,-2.3147
ETHUSDT,SET_1_INVESTING,A_PULLBACK_RIDING,SELL,1572.01,1755.285714,1755.285714,167.32,0.07774021,14.2479,1755.285714,SL_HIT,-1.0094,-14.3815
ETHUSDT,SET_1_INVESTING,A_PULLBACK_RIDING,SELL,1758.21,1796.34625,1796.34625,167.32,0.3698339,14.1041,1796.34625,SL_HIT,-1.0469,-14.7657
ETHUSDT,SET_1_INVESTING,A_PULLBACK_RIDING,SELL,1780.64,1828.538929,1760.764732,167.32,0.2913723,13.9564,1760.764732,MTF_TRAIL_HIT,0.3781,5.2768
ETHUSDT,SET_1_INVESTING,A_PULLBACK_RIDING,SELL,1771.45,1854.400357,1734.177589,167.32,0.16888643,14.0092,1734.177589,MTF_TRAIL_HIT,0.4283,6.0006
ETHUSDT,SET_1_INVESTING,A_PULLBACK_RIDING,SELL,1743.54,1853.165357,1853.165357,167.32,0.12833888,14.0692,1776.72,MTF_CHOCH_EXIT,-0.3188,-4.4855
ETHUSDT,SET_1_INVESTING,A_PULLBACK_RIDING,SELL,1776.72,1864.253393,1864.253393,167.32,0.16021704,14.0243,1864.253393,SL_HIT,-1.0211,-14.3203
ETHUSDT,SET_1_INVESTING,A_PULLBACK_RIDING,SELL,1891.87,1915.438393,1870.272098,167.32,0.58897262,13.8811,1870.272098,MTF_TRAIL_HIT,0.8368,11.6163
ETHUSDT,SET_1_INVESTING,A_PULLBACK_RIDING,SELL,1917.86,1965.618393,1869.479598,167.32,0.29308568,13.9973,1869.479598,MTF_TRAIL_HIT,0.9737,13.6288
ETHUSDT,SET_1_INVESTING,A_PULLBACK_RIDING,SELL,1841.93,1964.388571,1964.388571,167.32,0.11541527,14.1336,1904.77,MTF_CHOCH_EXIT,-0.5286,-7.4711
ETHUSDT,SET_1_INVESTING,A_PULLBACK_RIDING,SELL,1930.09,1969.121071,1879.197768,167.32,0.36019707,14.0589,1879.197768,MTF_TRAIL_HIT,1.2555,17.6506
ETHUSDT,SET_1_INVESTING,A_PULLBACK_RIDING,SELL,1878.38,1972.675357,1972.675357,167.32,0.1509659,14.2354,1972.675357,SL_HIT,-1.0207,-14.5304
ETHUSDT,SET_1_INVESTING,A_PULLBACK_RIDING,SELL,1938.85,1997.147857,1997.147857,167.32,0.24169121,14.0901,1938.85,MTF_CHOCH_EXIT,-0.0333,-0.4687
ETHUSDT,SET_2_POSITIONAL,A_PULLBACK_RIDING,SELL,2026.8,2065.338214,2065.338214,1747.8,0.2594827,10.0,2065.338214,SL_HIT,-1.0534,-10.534
ETHUSDT,SET_2_POSITIONAL,A_PULLBACK_RIDING,SELL,2061.69,2085.064821,2014.493705,1747.8,0.4233042,9.8947,2014.493705,MTF_TRAIL_HIT,1.9325,19.1215
ETHUSDT,SET_2_POSITIONAL,A_PULLBACK_RIDING,SELL,2079.35,2097.628214,2031.729554,1747.8,0.55179762,10.0859,2031.729554,MTF_TRAIL_HIT,2.4936,25.1503
ETHUSDT,SET_2_POSITIONAL,A_PULLBACK_RIDING,SELL,2049.73,2099.258393,2029.972098,1747.8,0.20871621,10.3374,2029.972098,MTF_TRAIL_HIT,0.3578,3.6992
ETHUSDT,SET_2_POSITIONAL,A_PULLBACK_RIDING,SELL,2062.83,2095.529286,2045.964821,1747.8,0.31726597,10.3744,2045.964821,MTF_TRAIL_HIT,0.4531,4.7005
ETHUSDT,SET_2_POSITIONAL,A_PULLBACK_RIDING,SELL,2072.33,2105.375714,2053.681429,1747.8,0.31536239,10.4214,2053.681429,MTF_TRAIL_HIT,0.5021,5.2321
ETHUSDT,SET_2_POSITIONAL,A_PULLBACK_RIDING,SELL,2069.59,2105.548393,2105.548393,1747.8,0.29127266,10.4737,2105.548393,SL_HIT,-1.0584,-11.085
ETHUSDT,SET_2_POSITIONAL,A_PULLBACK_RIDING,SELL,2118.85,2158.973929,2100.030982,1747.8,0.25827099,10.3628,2100.030982,MTF_TRAIL_HIT,0.4166,4.317
ETHUSDT,SET_2_POSITIONAL,A_PULLBACK_RIDING,SELL,2121.02,2159.295714,2159.295714,1747.8,0.27186995,10.406,2159.295714,SL_HIT,-1.0562,-10.9911
ETHUSDT,SET_2_POSITIONAL,A_PULLBACK_RIDING,SELL,2096.16,2152.721786,2152.721786,1747.8,0.1820329,10.2961,2096.15,MTF_CHOCH_EXIT,-0.0369,-0.3798
ETHUSDT,SET_2_POSITIONAL,B_CONTINUATION_RIDING,SELL,2153.21,2207.539107,2125.752277,1747.8,0.18944371,10.2923,2125.752277,MTF_TRAIL_HIT,0.4662,4.7979
ETHUSDT,SET_2_POSITIONAL,B_CONTINUATION_RIDING,SELL,2123.64,2207.830357,2083.987589,1747.8,0.12282032,10.3403,2083.987589,MTF_TRAIL_HIT,0.4461,4.6132
ETHUSDT,SET_2_POSITIONAL,B_CONTINUATION_RIDING,SELL,1994.74,2055.299821,2055.299821,1747.8,0.17150675,10.3864,2011.1,MTF_CHOCH_EXIT,-0.3033,-3.1503
ETHUSDT,SET_2_POSITIONAL,B_CONTINUATION_RIDING,SELL,2011.1,2055.151964,1994.572991,1747.8,0.23506138,10.3549,1994.572991,MTF_TRAIL_HIT,0.3298,3.4152
ETHUSDT,SET_2_POSITIONAL,B_CONTINUATION_RIDING,SELL,1995.89,2053.347321,1953.18433,1747.8,0.18081364,10.3891,1953.18433,MTF_TRAIL_HIT,0.7091,7.367
ETHUSDT,SET_2_POSITIONAL,B_CONTINUATION_RIDING,SELL,1984.64,2036.683393,2036.683393,1747.8,0.20103872,10.4627,2036.683393,SL_HIT,-1.0389,-10.8702
ETHUSDT,SET_2_POSITIONAL,B_CONTINUATION_RIDING,SELL,2035.88,2050.667143,2050.667143,1747.8,0.70020529,10.354,2050.667143,SL_HIT,-1.1385,-11.7881
ETHUSDT,SET_2_POSITIONAL,B_CONTINUATION_RIDING,SELL,2059.58,2075.734464,2052.178616,1747.8,0.63364249,10.2362,2052.178616,MTF_TRAIL_HIT,0.331,3.3884
ETHUSDT,SET_2_POSITIONAL,B_CONTINUATION_RIDING,SELL,2071.28,2089.48875,2048.802187,1747.8,0.56401667,10.27,2048.802187,MTF_TRAIL_HIT,1.1217,11.5196
ETHUSDT,SET_2_POSITIONAL,B_CONTINUATION_RIDING,SELL,2074.53,2093.190536,2017.995134,1747.8,0.55653464,10.3852,2017.995134,MTF_TRAIL_HIT,2.9209,30.3341
ETHUSDT,SET_2_POSITIONAL,B_CONTINUATION_RIDING,SELL,2026.48,2093.656071,2093.656071,1747.8,0.15911283,10.6886,2066.71,MTF_CHOCH_EXIT,-0.6295,-6.7287
ETHUSDT,SET_2_POSITIONAL,B_CONTINUATION_RIDING,SELL,2066.71,2102.108929,2051.159732,1747.8,0.30004546,10.6213,2051.159732,MTF_TRAIL_HIT,0.3812,4.0493
ETHUSDT,SET_2_POSITIONAL,B_CONTINUATION_RIDING,SELL,2055.97,2101.985536,2024.143884,1747.8,0.2316996,10.6618,2024.143884,MTF_TRAIL_HIT,0.6475,6.9036
ETHUSDT,SET_2_POSITIONAL,B_CONTINUATION_RIDING,SELL,2041.2,2102.314643,2102.314643,1747.8,0.17558504,10.7308,2102.314643,SL_HIT,-1.0342,-11.0979
ETHUSDT,SET_2_POSITIONAL,B_CONTINUATION_RIDING,SELL,2096.54,2135.708393,2135.708393,1747.8,0.27113285,10.6198,2102.91,MTF_CHOCH_EXIT,-0.2163,-2.297
ETHUSDT,SET_2_POSITIONAL,B_CONTINUATION_RIDING,SELL,2102.91,2136.08375,2136.08375,1747.8,0.31943533,10.5969,2136.08375,SL_HIT,-1.0642,-11.2772
ETHUSDT,SET_2_POSITIONAL,B_CONTINUATION_RIDING,SELL,2131.0,2169.821429,2118.425357,1747.8,0.27005951,10.4841,2118.425357,MTF_TRAIL_HIT,0.2693,2.823
ETHUSDT,SET_2_POSITIONAL,B_CONTINUATION_RIDING,SELL,2135.04,2169.206964,2055.021741,1747.8,0.30767516,10.5123,2055.021741,MTF_TRAIL_HIT,2.2814,23.9823
ETHUSDT,SET_2_POSITIONAL,B_CONTINUATION_RIDING,SELL,2051.26,2091.087857,2091.087857,1747.8,0.26996556,10.7521,2050.05,MTF_CHOCH_EXIT,-0.0211,-0.2269
ETHUSDT,SET_2_POSITIONAL,B_CONTINUATION_RIDING,SELL,2050.05,2089.746964,2089.746964,1747.8,0.27079855,10.7499,2056.64,MTF_CHOCH_EXIT,-0.2178,-2.3412
ETHUSDT,SET_2_POSITIONAL,B_CONTINUATION_RIDING,SELL,2056.64,2088.442857,2035.700714,1747.8,0.33728001,10.7265,2035.700714,MTF_TRAIL_HIT,0.5943,6.3743
ETHUSDT,SET_2_POSITIONAL,B_CONTINUATION_RIDING,SELL,2037.29,2088.616429,2088.616429,1747.8,0.21022719,10.7902,2088.616429,SL_HIT,-1.0405,-11.2272
ETHUSDT,SET_2_POSITIONAL,B_CONTINUATION_RIDING,SELL,2110.17,2129.025357,2129.025357,1747.8,0.56630796,10.6779,2129.025357,SL_HIT,-1.1127,-11.8817
ETHUSDT,SET_2_POSITIONAL,A_PULLBACK_RIDING,SELL,2129.35,2153.209464,2153.209464,1747.8,0.44255487,10.5591,2153.209464,SL_HIT,-1.0901,-11.5101
ETHUSDT,SET_2_POSITIONAL,A_PULLBACK_RIDING,SELL,2151.53,2181.557679,2131.10692,1747.8,0.34781315,10.444,2131.10692,MTF_TRAIL_HIT,0.609,6.3607
ETHUSDT,SET_2_POSITIONAL,A_PULLBACK_RIDING,SELL,2144.25,2182.625893,2097.093973,1747.8,0.27380804,10.5076,2097.093973,MTF_TRAIL_HIT,1.1739,12.3348
ETHUSDT,SET_2_POSITIONAL,B_CONTINUATION_RIDING,SELL,2309.37,2389.123571,2276.608393,1747.8,0.13329781,10.631,2276.608393,MTF_TRAIL_HIT,0.3822,4.0627
ETHUSDT,SET_2_POSITIONAL,B_CONTINUATION_RIDING,SELL,2261.85,2353.140714,2353.140714,1747.8,0.11689692,10.6716,2301.77,MTF_CHOCH_EXIT,-0.4624,-4.9347
ETHUSDT,SET_2_POSITIONAL,B_CONTINUATION_RIDING,SELL,2301.77,2353.244464,2246.998616,1747.8,0.20635972,10.6223,2246.998616,MTF_TRAIL_HIT,1.0202,10.8366
ETHUSDT,SET_2_POSITIONAL,B_CONTINUATION_RIDING,SELL,2236.49,2330.384286,2330.384286,1747.8,0.11428408,10.7306,2242.14,MTF_CHOCH_EXIT,-0.084,-0.9019
ETHUSDT,SET_2_POSITIONAL,B_CONTINUATION_RIDING,SELL,2265.48,2330.981786,2330.981786,1747.8,0.16368414,10.7216,2273.34,MTF_CHOCH_EXIT,-0.1547,-1.6585
ETHUSDT,SET_2_POSITIONAL,B_CONTINUATION_RIDING,SELL,2273.34,2327.020179,2251.370045,1747.8,0.19942219,10.705,2251.370045,MTF_TRAIL_HIT,0.3672,3.9314
ETHUSDT,SET_2_POSITIONAL,B_CONTINUATION_RIDING,SELL,2265.11,2327.35,2220.67,1747.8,0.17262745,10.7443,2220.67,MTF_TRAIL_HIT,0.6782,7.2866
ETHUSDT,SET_2_POSITIONAL,A_PULLBACK_RIDING,SELL,2136.75,2156.498929,2129.037232,1747.8,0.54773598,10.8172,2129.037232,MTF_TRAIL_HIT,0.2826,3.0574
ETHUSDT,SET_2_POSITIONAL,A_PULLBACK_RIDING,SELL,2139.12,2156.417143,2122.774286,1747.8,0.62714246,10.8478,2122.774286,MTF_TRAIL_HIT,0.8221,8.9176
ETHUSDT,SET_2_POSITIONAL,A_PULLBACK_RIDING,SELL,2129.44,2155.682143,2155.682143,1747.8,0.4167704,10.9369,2155.682143,SL_HIT,-1.082,-11.8333
ETHUSDT,SET_2_POSITIONAL,A_PULLBACK_RIDING,SELL,2145.76,2163.783036,2128.755759,1747.8,0.60026597,10.8186,2128.755759,MTF_TRAIL_HIT,0.8252,8.927
ETHUSDT,SET_2_POSITIONAL,A_PULLBACK_RIDING,SELL,2135.06,2163.719107,2117.164777,1747.8,0.38060799,10.9079,2117.164777,MTF_TRAIL_HIT,0.5504,6.0038
ETHUSDT,SET_2_POSITIONAL,A_PULLBACK_RIDING,SELL,2115.27,2163.897321,2163.897321,1747.8,0.22555063,10.9679,2137.88,MTF_CHOCH_EXIT,-0.5088,-5.581
ETHUSDT,SET_2_POSITIONAL,A_PULLBACK_RIDING,SELL,2137.88,2163.713929,2128.678482,1747.8,0.42239466,10.9121,2128.678482,MTF_TRAIL_HIT,0.2737,2.9866
ETHUSDT,SET_2_POSITIONAL,A_PULLBACK_RIDING,SELL,2117.68,2158.077321,2158.077321,1747.8,0.27085904,10.942,2119.04,MTF_CHOCH_EXIT,-0.0861,-0.9423
ETHUSDT,SET_2_POSITIONAL,A_PULLBACK_RIDING,SELL,2119.04,2157.759821,2089.199955,1747.8,0.28235038,10.9326,2089.199955,MTF_TRAIL_HIT,0.7165,7.8337
ETHUSDT,SET_2_POSITIONAL,A_PULLBACK_RIDING,SELL,2127.12,2145.254286,2121.083571,1747.8,0.60718648,11.0109,2121.083571,MTF_TRAIL_HIT,0.2158,2.3764
ETHUSDT,SET_2_POSITIONAL,A_PULLBACK_RIDING,SELL,2121.43,2149.141607,2109.277902,1747.8,0.39819622,11.0347,2109.277902,MTF_TRAIL_HIT,0.3623,3.9979
ETHUSDT,SET_2_POSITIONAL,A_PULLBACK_RIDING,SELL,2113.01,2148.775179,2093.461295,1747.8,0.30964857,11.0746,2093.461295,MTF_TRAIL_HIT,0.4879,5.4037
ETHUSDT,SET_2_POSITIONAL,A_PULLBACK_RIDING,SELL,2093.12,2148.828393,2068.987098,1747.8,0.19976655,11.1287,2068.987098,MTF_TRAIL_HIT,0.396,4.4066
ETHUSDT,SET_2_POSITIONAL,A_PULLBACK_RIDING,SELL,2016.96,2055.386429,2055.386429,1747.8,0.29075664,11.1727,2016.83,MTF_CHOCH_EXIT,-0.0491,-0.5487
ETHUSDT,SET_2_POSITIONAL,A_PULLBACK_RIDING,SELL,2016.83,2054.551071,2054.551071,1747.8,0.29604812,11.1673,2033.41,MTF_CHOCH_EXIT,-0.4934,-5.5096
ETHUSDT,SET_2_POSITIONAL,A_PULLBACK_RIDING,SELL,2033.41,2043.276607,2025.246652,1747.8,1.12623887,11.1122,2025.246652,MTF_TRAIL_HIT,0.6219,6.9108
ETHUSDT,SET_2_POSITIONAL,A_PULLBACK_RIDING,SELL,2024.01,2043.151786,2010.615446,1747.8,0.5841286,11.1813,2010.615446,MTF_TRAIL_HIT,0.5946,6.6479
ETHUSDT,SET_2_POSITIONAL,A_PULLBACK_RIDING,SELL,2010.52,2042.998214,2001.869554,1747.8,0.34631657,11.2477,2001.869554,MTF_TRAIL_HIT,0.2046,2.3018
ETHUSDT,SET_2_POSITIONAL,A_PULLBACK_RIDING,SELL,2007.01,2042.252143,2042.252143,1747.8,0.31980921,11.2708,2009.09,MTF_CHOCH_EXIT,-0.116,-1.3077
ETHUSDT,SET_2_POSITIONAL,A_PULLBACK_RIDING,SELL,2009.09,2042.089643,1979.949911,1385.05,0.34114566,11.2577,1979.949911,MTF_TRAIL_HIT,0.8229,9.2635
ETHUSDT,SET_2_POSITIONAL,A_PULLBACK_RIDING,SELL,1976.43,2042.505357,2042.505357,1385.05,0.17177841,11.3503,2003.94,MTF_CHOCH_EXIT,-0.4466,-5.069
ETHUSDT,SET_2_POSITIONAL,A_PULLBACK_RIDING,SELL,1615.18,1637.255714,1637.255714,1385.05,0.51185796,11.2996,1637.255714,SL_HIT,-1.074,-12.1355
ETHUSDT,SET_2_POSITIONAL,A_PULLBACK_RIDING,SELL,1630.12,1662.215714,1615.023929,1385.05,0.34827936,11.1783,1615.023929,MTF_TRAIL_HIT,0.4199,4.694
ETHUSDT,SET_2_POSITIONAL,A_PULLBACK_RIDING,SELL,1630.07,1660.626071,1611.639018,1385.05,0.36736447,11.2252,1611.639018,MTF_TRAIL_HIT,0.5503,6.1774
ETHUSDT,SET_2_POSITIONAL,A_PULLBACK_RIDING,SELL,1690.51,1734.041429,1734.041429,1385.05,0.25928368,11.287,1680.01,MTF_CHOCH_EXIT,0.2026,2.2863
ETHUSDT,SET_2_POSITIONAL,A_PULLBACK_RIDING,SELL,1653.95,1676.901786,1641.927946,1505.68,0.49276565,11.3099,1641.927946,MTF_TRAIL_HIT,0.4521,5.1137
ETHUSDT,SET_2_POSITIONAL,A_PULLBACK_RIDING,SELL,1681.26,1702.576607,1672.509152,1505.68,0.53296419,11.361,1672.509152,MTF_TRAIL_HIT,0.332,3.7714
ETHUSDT,SET_2_POSITIONAL,A_PULLBACK_RIDING,SELL,1673.89,1701.405,1660.61875,1505.68,0.41427231,11.3987,1660.61875,MTF_TRAIL_HIT,0.4219,4.8088
ETHUSDT,SET_2_POSITIONAL,A_PULLBACK_RIDING,SELL,1676.38,1697.312679,1697.312679,1505.68,0.54683829,11.4468,1681.73,MTF_CHOCH_EXIT,-0.3359,-3.8448
ETHUSDT,SET_2_POSITIONAL,A_PULLBACK_RIDING,SELL,1681.73,1701.641429,1674.127857,1505.68,0.57295449,11.4083,1674.127857,MTF_TRAIL_HIT,0.2976,3.3955
ETHUSDT,SET_2_POSITIONAL,A_PULLBACK_RIDING,SELL,1673.73,1701.376964,1661.811741,1505.68,0.41387174,11.4423,1661.811741,MTF_TRAIL_HIT,0.3709,4.2438
ETHUSDT,SET_2_POSITIONAL,A_PULLBACK_RIDING,SELL,1725.62,1736.522321,1712.38558,1505.68,1.05342104,11.4847,1712.38558,MTF_TRAIL_HIT,1.0566,12.1345
ETHUSDT,SET_2_POSITIONAL,A_PULLBACK_RIDING,SELL,1801.22,1809.19625,1776.994062,1747.8,1.45507974,11.6061,1776.994062,MTF_TRAIL_HIT,2.8138,32.6576
ETHUSDT,SET_2_POSITIONAL,A_PULLBACK_RIDING,SELL,1845.56,1861.82,1861.82,1747.8,0.73386564,11.9327,1861.82,SL_HIT,-1.1143,-13.2968
ETHUSDT,SET_2_POSITIONAL,A_PULLBACK_RIDING,SELL,1858.45,1872.825714,1872.825714,1747.8,0.82080703,11.7997,1872.825714,SL_HIT,-1.1301,-13.3348
ETHUSDT,SET_2_POSITIONAL,A_PULLBACK_RIDING,SELL,1867.08,1882.261786,1855.505446,1747.8,0.76844317,11.6663,1855.505446,MTF_TRAIL_HIT,0.64,7.4665
ETHUSDT,SET_2_POSITIONAL,A_PULLBACK_RIDING,SELL,1872.23,1883.186964,1864.819241,1747.8,1.07155638,11.741,1864.819241,MTF_TRAIL_HIT,0.506,5.9409
ETHUSDT,SET_2_POSITIONAL,A_PULLBACK_RIDING,SELL,1879.94,1895.495179,1847.028795,1747.8,0.75861642,11.8004,1847.028795,MTF_TRAIL_HIT,1.9966,23.5606
ETHUSDT,SET_2_POSITIONAL,A_PULLBACK_RIDING,SELL,1893.2,1901.361964,1855.690491,1747.8,1.47464745,12.036,1855.690491,MTF_TRAIL_HIT,4.3673,52.5653
ETHUSDT,SET_2_POSITIONAL,A_PULLBACK_RIDING,SELL,1902.34,1910.570357,1892.127589,1747.8,1.52626102,12.5617,1892.127589,MTF_TRAIL_HIT,1.0106,12.6954
ETHUSDT,SET_2_POSITIONAL,A_PULLBACK_RIDING,SELL,1935.69,1959.342143,1929.273036,1747.8,0.53646839,12.6886,1929.273036,MTF_TRAIL_HIT,0.1897,2.4067
ETHUSDT,SET_2_POSITIONAL,A_PULLBACK_RIDING,SELL,1931.81,1959.59375,1921.945938,1747.8,0.45755859,12.7127,1921.945938,MTF_TRAIL_HIT,0.2858,3.6329
ETHUSDT,SET_2_POSITIONAL,A_PULLBACK_RIDING,SELL,1930.09,1959.682679,1959.682679,1747.8,0.4308168,12.749,1928.77,MTF_CHOCH_EXIT,-0.0206,-0.2625
ETHUSDT,SET_2_POSITIONAL,A_PULLBACK_RIDING,SELL,1943.03,1962.606071,1925.894018,1747.8,0.65112135,12.7464,1925.894018,MTF_TRAIL_HIT,0.7768,9.9012
ETHUSDT,SET_2_POSITIONAL,A_PULLBACK_RIDING,SELL,1934.25,1962.399286,1924.607321,1747.8,0.45633165,12.8454,1924.607321,MTF_TRAIL_HIT,0.2741,3.521
ETHUSDT,SET_3_SWING,A_PULLBACK_RIDING,SELL,1576.6,1586.38125,1586.38125,1505.68,1.02236422,10.0,1586.38125,SL_HIT,-1.162,-11.6201
ETHUSDT,SET_3_SWING,A_PULLBACK_RIDING,SELL,1584.78,1593.91875,1576.934688,1505.68,1.08152635,9.8838,1576.934688,MTF_TRAIL_HIT,0.6857,6.7775
ETHUSDT,SET_3_SWING,A_PULLBACK_RIDING,SELL,1583.1,1594.180179,1572.620045,1505.68,0.89814199,9.9516,1572.620045,MTF_TRAIL_HIT,0.8037,7.998
ETHUSDT,SET_3_SWING,B_CONTINUATION_RIDING,SELL,1736.38,1754.819286,1754.819286,1654.9,0.54403155,10.0316,1736.42,MTF_CHOCH_EXIT,-0.0964,-0.9666
ETHUSDT,SET_3_SWING,B_CONTINUATION_RIDING,SELL,1741.4,1749.548929,1739.017232,1654.9,1.22984113,10.0219,1739.017232,MTF_TRAIL_HIT,0.0789,0.7908
ETHUSDT,SET_3_SWING,B_CONTINUATION_RIDING,SELL,1738.22,1749.4225,1733.090625,1654.9,0.89531761,10.0298,1733.090625,MTF_TRAIL_HIT,0.3031,3.0396
ETHUSDT,SET_3_SWING,B_CONTINUATION_RIDING,SELL,1742.51,1759.849643,1759.849643,1654.9,0.58018447,10.0602,1759.849643,SL_HIT,-1.1013,-11.0794
ETHUSDT,SET_3_SWING,B_CONTINUATION_RIDING,SELL,1753.31,1765.174643,1765.174643,1654.9,0.83857542,9.9494,1754.45,MTF_CHOCH_EXIT,-0.244,-2.4272
ETHUSDT,SET_3_SWING,B_CONTINUATION_RIDING,SELL,1754.45,1765.11375,1746.765937,1654.9,0.93073501,9.9251,1746.765937,MTF_TRAIL_HIT,0.5566,5.5244
ETHUSDT,SET_3_SWING,B_CONTINUATION_RIDING,SELL,1746.31,1765.215357,1739.426339,1654.9,0.52791223,9.9804,1739.426339,MTF_TRAIL_HIT,0.272,2.7148
ETHUSDT,SET_3_SWING,B_CONTINUATION_RIDING,SELL,1746.99,1765.47625,1737.981562,1654.9,0.54134925,10.0075,1737.981562,MTF_TRAIL_HIT,0.3932,3.9347
ETHUSDT,SET_3_SWING,B_CONTINUATION_RIDING,SELL,1739.25,1760.279464,1760.279464,1654.9,0.47775183,10.0469,1748.76,MTF_CHOCH_EXIT,-0.5353,-5.3781
ETHUSDT,SET_3_SWING,B_CONTINUATION_RIDING,SELL,1748.76,1762.567321,1745.01183,1654.9,0.72375254,9.9931,1745.01183,MTF_TRAIL_HIT,0.145,1.4491
ETHUSDT,SET_3_SWING,B_CONTINUATION_RIDING,SELL,1745.16,1762.404464,1762.404464,1654.9,0.58033548,10.0076,1743.09,MTF_CHOCH_EXIT,0.0189,0.1893
ETHUSDT,SET_3_SWING,B_CONTINUATION_RIDING,SELL,1743.09,1762.324107,1762.324107,1654.9,0.52040199,10.0095,1762.324107,SL_HIT,-1.0914,-10.9247
ETHUSDT,SET_3_SWING,B_CONTINUATION_RIDING,SELL,1767.62,1780.545357,1780.545357,1654.9,0.76595334,9.9002,1774.75,MTF_CHOCH_EXIT,-0.6888,-6.8197
ETHUSDT,SET_3_SWING,B_CONTINUATION_RIDING,SELL,1774.75,1783.124286,1771.323571,1654.9,1.17407305,9.832,1771.323571,MTF_TRAIL_HIT,0.1975,1.9421
ETHUSDT,SET_3_SWING,B_CONTINUATION_RIDING,SELL,1771.17,1783.024464,1783.024464,1654.9,0.83103242,9.8514,1783.024464,SL_HIT,-1.1502,-11.3314
ETHUSDT,SET_3_SWING,B_CONTINUATION_RIDING,BUY,1786.02,1746.48125,1746.48125,2464.91,0.24629331,9.7381,1785.93,MTF_CHOCH_EXIT,-0.0474,-0.462
ETHUSDT,SET_3_SWING,B_CONTINUATION_RIDING,BUY,1785.93,1749.083929,1749.083929,2464.91,0.26416683,9.7335,1785.93,MTF_CHOCH_EXIT,-0.0485,-0.4717
ETHUSDT,SET_3_SWING,B_CONTINUATION_RIDING,BUY,1785.93,1771.827679,1801.47442,2464.91,0.68987173,9.7288,1801.47442,MTF_TRAIL_HIT,0.9748,9.4832
ETHUSDT,SET_3_SWING,B_CONTINUATION_RIDING,BUY,1800.12,1771.836071,1860.639018,2464.91,0.3473218,9.8236,1860.639018,MTF_TRAIL_HIT,2.0743,20.3776
ETHUSDT,SET_3_SWING,B_CONTINUATION_RIDING,BUY,1861.04,1775.1275,1775.1275,2464.91,0.11671644,10.0274,1873.79,MTF_CHOCH_EXIT,0.1266,1.2698
ETHUSDT,SET_3_SWING,B_CONTINUATION_RIDING,BUY,1882.04,1856.146071,1856.146071,2464.91,0.3877395,10.0401,1881.58,MTF_CHOCH_EXIT,-0.0904,-0.9078
ETHUSDT,SET_3_SWING,A_PULLBACK_RIDING,BUY,1881.58,1856.069821,1856.069821,2464.91,0.39321639,10.031,1876.49,MTF_CHOCH_EXIT,-0.2731,-2.7396
ETHUSDT,SET_3_SWING,A_PULLBACK_RIDING,BUY,1876.49,1861.475893,1888.136473,2464.91,0.66628165,10.0036,1888.136473,MTF_TRAIL_HIT,0.6501,6.5035
ETHUSDT,SET_3_SWING,A_PULLBACK_RIDING,BUY,1875.87,1861.404286,1861.404286,2464.91,0.69603611,10.0687,1879.22,MTF_CHOCH_EXIT,0.1017,1.0244
ETHUSDT,SET_3_SWING,A_PULLBACK_RIDING,BUY,1879.22,1861.401071,1925.485268,2464.91,0.56562903,10.0789,1925.485268,MTF_TRAIL_HIT,2.4889,25.0853
ETHUSDT,SET_3_SWING,A_PULLBACK_RIDING,BUY,1923.43,1900.299286,1900.299286,2464.91,0.4465818,10.3298,1914.86,MTF_CHOCH_EXIT,-0.4533,-4.683
ETHUSDT,SET_3_SWING,B_CONTINUATION_RIDING,SELL,1936.82,1947.240357,1920.875089,1803.05,0.98681129,10.2829,1920.875089,MTF_TRAIL_HIT,1.3455,13.8356
ETHUSDT,SET_3_SWING,B_CONTINUATION_RIDING,SELL,1919.35,1947.411071,1947.411071,1803.05,0.37137864,10.4213,1921.32,MTF_CHOCH_EXIT,-0.1387,-1.4451
ETHUSDT,SET_3_SWING,B_CONTINUATION_RIDING,SELL,1921.32,1943.150893,1943.150893,1803.05,0.47670205,10.4068,1917.17,MTF_CHOCH_EXIT,0.1022,1.0639
ETHUSDT,SET_3_SWING,B_CONTINUATION_RIDING,SELL,1917.17,1939.841786,1939.841786,1803.05,0.45949049,10.4175,1939.841786,SL_HIT,-1.0854,-11.3069
ETHUSDT,SET_3_SWING,B_CONTINUATION_RIDING,SELL,1933.2,1959.270179,1959.270179,1803.05,0.39525627,10.3044,1949.84,MTF_CHOCH_EXIT,-0.713,-7.3466
ETHUSDT,SET_3_SWING,B_CONTINUATION_RIDING,SELL,1949.84,1960.127857,1937.541964,1803.05,0.99446715,10.2309,1937.541964,MTF_TRAIL_HIT,1.0068,10.3004
ETHUSDT,SET_3_SWING,B_CONTINUATION_RIDING,SELL,1938.53,1960.235714,1928.626429,1803.05,0.47609308,10.3339,1928.626429,MTF_TRAIL_HIT,0.3673,3.7957
ETHUSDT,SET_3_SWING,B_CONTINUATION_RIDING,SELL,1930.69,1960.334107,1960.334107,1803.05,0.34988059,10.3719,1926.76,MTF_CHOCH_EXIT,0.0675,0.7005
ETHUSDT,SET_3_SWING,A_PULLBACK_RIDING,SELL,1880.67,1892.216071,1892.216071,1803.05,0.89891206,10.3789,1876.12,MTF_CHOCH_EXIT,0.2315,2.4025
ETHUSDT,SET_3_SWING,B_CONTINUATION_RIDING,BUY,1886.57,1877.094821,1897.941205,1956.45,1.09791366,10.4029,1897.941205,MTF_TRAIL_HIT,1.0001,10.4036
ETHUSDT,SET_4_INTRADAY,A_PULLBACK_RIDING,BUY,1868.09,1857.235955,1874.616489,1946.52,0.92131551,10.0,1874.616489,MTF_TRAIL_HIT,0.4287,4.2873
ETHUSDT,SET_4_INTRADAY,A_PULLBACK_RIDING,BUY,1871.01,1863.124821,1863.124821,1946.52,1.27363926,10.0429,1867.36,MTF_CHOCH_EXIT,-0.6998,-7.0277
ETHUSDT,SET_4_INTRADAY,A_PULLBACK_RIDING,BUY,1871.83,1863.1175,1863.1175,1946.52,1.14463082,9.9726,1873.49,MTF_CHOCH_EXIT,-0.0244,-0.2437
ETHUSDT,SET_4_INTRADAY,A_PULLBACK_RIDING,BUY,1873.49,1863.149821,1876.674955,1946.52,0.9642154,9.9702,1876.674955,MTF_TRAIL_HIT,0.1266,1.2623
ETHUSDT,SET_4_INTRADAY,A_PULLBACK_RIDING,BUY,1874.69,1864.622143,1864.622143,1946.52,0.99154991,9.9828,1874.4,MTF_CHOCH_EXIT,-0.215,-2.1459
ETHUSDT,SET_4_INTRADAY,B_CONTINUATION_RIDING,BUY,1871.57,1856.525179,1856.525179,1946.52,0.66210982,9.9613,1856.525179,SL_HIT,-1.1236,-11.1924
ETHUSDT,SET_4_INTRADAY,B_CONTINUATION_RIDING,BUY,1862.71,1850.275,1850.275,1946.52,0.7920708,9.8494,1860.25,MTF_CHOCH_EXIT,-0.3474,-3.4221
ETHUSDT,SET_4_INTRADAY,B_CONTINUATION_RIDING,BUY,1860.25,1850.262143,1863.923036,1946.52,0.98271122,9.8152,1863.923036,MTF_TRAIL_HIT,0.1812,1.7788
ETHUSDT,SET_4_INTRADAY,B_CONTINUATION_RIDING,BUY,1863.94,1853.41875,1853.41875,1946.52,0.93458169,9.833,1866.98,MTF_CHOCH_EXIT,0.1116,1.0971
ETHUSDT,SET_4_INTRADAY,B_CONTINUATION_RIDING,BUY,1871.77,1859.138214,1877.472054,1946.52,0.77929906,9.8439,1877.472054,MTF_TRAIL_HIT,0.3029,2.9816
ETHUSDT,SET_4_INTRADAY,B_CONTINUATION_RIDING,BUY,1879.06,1862.802679,1862.802679,1946.52,0.60734204,9.8738,1880.15,MTF_CHOCH_EXIT,-0.0486,-0.4796
ETHUSDT,SET_4_INTRADAY,B_CONTINUATION_RIDING,BUY,1874.95,1858.725,1890.82375,1946.52,0.60825633,9.869,1890.82375,MTF_TRAIL_HIT,0.862,8.5073
ETHUSDT,SET_4_INTRADAY,B_CONTINUATION_RIDING,BUY,1876.1,1864.716607,1864.716607,1946.52,0.87443455,9.954,1864.716607,SL_HIT,-1.164,-11.5864
ETHUSDT,SET_4_INTRADAY,B_CONTINUATION_RIDING,BUY,1867.28,1851.20125,1882.390313,1946.52,0.61187396,9.8382,1882.390313,MTF_TRAIL_HIT,0.8229,8.0958
ETHUSDT,SET_4_INTRADAY,B_CONTINUATION_RIDING,BUY,1896.7,1888.027143,1898.901786,1946.52,1.14369771,9.9191,1898.901786,MTF_TRAIL_HIT,0.035,0.3472
ETHUSDT,SET_4_INTRADAY,B_CONTINUATION_RIDING,BUY,1898.46,1888.215179,1888.215179,1946.52,0.9685478,9.9226,1901.34,MTF_CHOCH_EXIT,0.0956,0.9487
ETHUSDT,SET_4_INTRADAY,B_CONTINUATION_RIDING,BUY,1919.53,1911.476429,1924.746607,1956.45,1.23325241,9.9321,1924.746607,MTF_TRAIL_HIT,0.4089,4.0613
ETHUSDT,SET_4_INTRADAY,B_CONTINUATION_RIDING,SELL,1923.66,1931.39183,1920.252957,1713.44,1.28982398,9.9727,1920.252957,MTF_TRAIL_HIT,0.1922,1.9164
ETHUSDT,SET_4_INTRADAY,B_CONTINUATION_RIDING,SELL,1919.1,1931.40125,1906.455313,1713.44,0.81226414,9.9919,1906.455313,MTF_TRAIL_HIT,0.8727,8.72
ETHUSDT,SET_4_INTRADAY,B_CONTINUATION_RIDING,SELL,1904.63,1931.57375,1931.57375,1713.44,0.374078,10.0791,1898.37,MTF_CHOCH_EXIT,0.1618,1.631
ETHUSDT,SET_4_INTRADAY,B_CONTINUATION_RIDING,SELL,1898.37,1930.501607,1930.501607,1713.44,0.31418828,10.0954,1902.28,MTF_CHOCH_EXIT,-0.1809,-1.826
ETHUSDT,SET_4_INTRADAY,B_CONTINUATION_RIDING,SELL,1902.28,1926.075893,1888.928973,1713.44,0.42348125,10.0771,1888.928973,MTF_TRAIL_HIT,0.4816,4.8527
ETHUSDT,SET_4_INTRADAY,B_CONTINUATION_RIDING,SELL,1895.23,1909.710536,1889.030134,1713.44,0.69925878,10.1256,1889.030134,MTF_TRAIL_HIT,0.2976,3.0133
ETHUSDT,SET_4_INTRADAY,A_PULLBACK_RIDING,SELL,1890.18,1909.608393,1909.608393,1713.44,0.52272852,10.1558,1888.17,MTF_CHOCH_EXIT,0.0062,0.0633
ETHUSDT,SET_4_INTRADAY,A_PULLBACK_RIDING,SELL,1891.4,1899.744286,1877.096071,1713.44,1.21716928,10.1564,1877.096071,MTF_TRAIL_HIT,1.4889,15.1217
ETHUSDT,SET_4_INTRADAY,A_PULLBACK_RIDING,SELL,1878.31,1897.333929,1897.333929,1713.44,0.54182424,10.3076,1879.34,MTF_CHOCH_EXIT,-0.1529,-1.5764
ETHUSDT,SET_4_INTRADAY,A_PULLBACK_RIDING,SELL,1879.34,1894.048571,1894.048571,1713.44,0.69971864,10.2919,1876.6,MTF_CHOCH_EXIT,0.0586,0.6036
ETHUSDT,SET_4_INTRADAY,B_CONTINUATION_RIDING,BUY,1895.37,1880.623214,1900.013304,1956.45,0.6983147,10.2979,1900.013304,MTF_TRAIL_HIT,0.1861,1.9165
SOLUSDT,SET_1_INVESTING,B_CONTINUATION_RIDING,BUY,172.42,164.966964,164.966964,210.18,1.34173515,10.0,164.966964,SL_HIT,-1.0223,-10.2233
SOLUSDT,SET_1_INVESTING,B_CONTINUATION_RIDING,BUY,139.23,124.6225,124.6225,210.18,0.67758117,9.8978,137.77,MTF_CHOCH_EXIT,-0.1094,-1.0828
SOLUSDT,SET_1_INVESTING,B_CONTINUATION_RIDING,BUY,137.77,130.080893,130.080893,210.18,1.28583706,9.8869,130.080893,SL_HIT,-1.0171,-10.0562
SOLUSDT,SET_1_INVESTING,B_CONTINUATION_RIDING,BUY,126.77,118.3325,133.860625,210.18,1.15986694,9.7864,133.860625,MTF_TRAIL_HIT,0.8247,8.0706
SOLUSDT,SET_1_INVESTING,B_CONTINUATION_RIDING,BUY,146.01,133.162679,133.162679,210.18,0.76802649,9.8671,147.54,MTF_CHOCH_EXIT,0.1076,1.062
SOLUSDT,SET_1_INVESTING,B_CONTINUATION_RIDING,BUY,147.54,135.071964,155.762991,210.18,0.79224215,9.8777,155.762991,MTF_TRAIL_HIT,0.6472,6.3925
SOLUSDT,SET_1_INVESTING,B_CONTINUATION_RIDING,BUY,168.35,159.594643,159.594643,210.18,1.13549093,9.9416,170.15,MTF_CHOCH_EXIT,0.1862,1.8511
SOLUSDT,SET_1_INVESTING,B_CONTINUATION_RIDING,BUY,168.32,158.303036,158.303036,210.18,0.99432717,9.9601,164.89,MTF_CHOCH_EXIT,-0.3589,-3.5752
SOLUSDT,SET_1_INVESTING,B_CONTINUATION_RIDING,BUY,164.89,159.169107,170.439777,210.18,1.73476212,9.9244,170.439777,MTF_TRAIL_HIT,0.9405,9.3338
SOLUSDT,SET_1_INVESTING,B_CONTINUATION_RIDING,BUY,162.5,151.017679,151.017679,210.18,0.87244785,10.0177,159.05,MTF_CHOCH_EXIT,-0.3144,-3.1493
SOLUSDT,SET_1_INVESTING,B_CONTINUATION_RIDING,BUY,159.05,151.060893,151.060893,210.18,1.2499812,9.9862,151.060893,SL_HIT,-1.0191,-10.177
SOLUSDT,SET_1_INVESTING,B_CONTINUATION_RIDING,BUY,149.31,143.229643,160.319911,210.18,1.62563864,9.8845,160.319911,MTF_TRAIL_HIT,1.7847,17.6411
SOLUSDT,SET_1_INVESTING,B_CONTINUATION_RIDING,BUY,155.22,143.060536,143.060536,210.18,0.82741103,10.0609,143.060536,SL_HIT,-1.012,-10.1812
SOLUSDT,SET_1_INVESTING,B_CONTINUATION_RIDING,BUY,143.05,137.498571,149.962143,210.18,1.7939639,9.9591,149.962143,MTF_TRAIL_HIT,1.2184,12.1336
SOLUSDT,SET_1_INVESTING,B_CONTINUATION_RIDING,BUY,151.3,137.444286,137.444286,210.18,0.72752646,10.0804,143.27,MTF_CHOCH_EXIT,-0.59,-5.9474
SOLUSDT,SET_1_INVESTING,B_CONTINUATION_RIDING,BUY,143.27,137.327857,137.327857,210.18,1.68641595,10.0209,137.327857,SL_HIT,-1.0233,-10.2545
SOLUSDT,SET_1_INVESTING,B_CONTINUATION_RIDING,BUY,137.41,125.459464,125.459464,210.18,0.82995272,9.9184,125.459464,SL_HIT,-1.0107,-10.0245
SOLUSDT,SET_1_INVESTING,B_CONTINUATION_RIDING,BUY,132.33,119.623036,136.723259,210.18,0.77265779,9.8181,136.723259,MTF_TRAIL_HIT,0.335,3.2895
SOLUSDT,SET_1_INVESTING,B_CONTINUATION_RIDING,BUY,136.58,119.7275,146.996875,210.18,0.58454415,9.851,146.996875,MTF_TRAIL_HIT,0.6095,6.0044
SOLUSDT,SET_1_INVESTING,B_CONTINUATION_RIDING,BUY,140.84,132.683214,132.683214,210.18,1.2150711,9.9111,132.683214,SL_HIT,-1.0165,-10.0743
SOLUSDT,SET_1_INVESTING,B_CONTINUATION_RIDING,BUY,127.86,124.923214,135.845804,210.18,3.34049979,9.8103,135.845804,MTF_TRAIL_HIT,2.6735,26.2282
SOLUSDT,SET_1_INVESTING,B_CONTINUATION_RIDING,BUY,134.32,118.563214,140.410804,210.18,0.63925563,10.0726,140.410804,MTF_TRAIL_HIT,0.3777,3.8046
SOLUSDT,SET_1_INVESTING,B_CONTINUATION_RIDING,BUY,131.64,118.321964,138.670491,210.18,0.75917052,10.1107,138.670491,MTF_TRAIL_HIT,0.5176,5.2332
SOLUSDT,SET_1_INVESTING,B_CONTINUATION_RIDING,BUY,135.73,118.335536,144.211384,210.18,0.58426586,10.163,144.211384,MTF_TRAIL_HIT,0.4794,4.8721
SOLUSDT,SET_1_INVESTING,B_CONTINUATION_RIDING,BUY,171.71,162.650357,162.650357,210.18,1.12716506,10.2117,162.650357,SL_HIT,-1.0182,-10.3971
SOLUSDT,SET_1_INVESTING,B_CONTINUATION_RIDING,BUY,152.77,147.024107,147.024107,210.18,1.75912473,10.1077,147.024107,SL_HIT,-1.0258,-10.3684
SOLUSDT,SET_1_INVESTING,B_CONTINUATION_RIDING,BUY,142.52,136.913036,144.678259,210.18,1.78422015,10.0041,144.678259,MTF_TRAIL_HIT,0.3592,3.5935
SOLUSDT,SET_1_INVESTING,B_CONTINUATION_RIDING,BUY,138.33,128.13375,128.13375,210.18,0.9846751,10.04,128.13375,SL_HIT,-1.0128,-10.1682
SOLUSDT,SET_1_INVESTING,B_CONTINUATION_RIDING,BUY,143.71,137.447679,146.07442,210.18,1.58700125,9.9383,146.07442,MTF_TRAIL_HIT,0.3543,3.5213
SOLUSDT,SET_1_INVESTING,B_CONTINUATION_RIDING,BUY,142.58,134.119464,145.194866,210.18,1.17882901,9.9735,145.194866,MTF_TRAIL_HIT,0.292,2.912
SOLUSDT,SET_1_INVESTING,B_CONTINUATION_RIDING,BUY,142.42,132.947143,132.947143,210.18,1.05592689,10.0026,144.29,MTF_CHOCH_EXIT,0.1822,1.8226
SOLUSDT,SET_1_INVESTING,B_CONTINUATION_RIDING,BUY,144.29,133.366964,151.349241,210.18,0.91740714,10.0209,151.349241,MTF_TRAIL_HIT,0.6325,6.3387
SOLUSDT,SET_1_INVESTING,B_CONTINUATION_RIDING,BUY,146.79,136.684643,136.684643,210.18,0.99791205,10.0843,136.684643,SL_HIT,-1.0137,-10.2227
SOLUSDT,SET_1_INVESTING,B_CONTINUATION_RIDING,BUY,137.99,130.048036,130.048036,210.18,1.25687182,9.982,130.048036,SL_HIT,-1.0166,-10.1475
SOLUSDT,SET_1_INVESTING,B_CONTINUATION_RIDING,BUY,128.5,125.630536,134.672634,210.18,3.44334536,9.8806,134.672634,MTF_TRAIL_HIT,2.1046,20.7951
SOLUSDT,SET_1_INVESTING,B_CONTINUATION_RIDING,BUY,134.94,124.721786,124.721786,210.18,0.98730632,10.0885,124.721786,SL_HIT,-1.0124,-10.2136
SOLUSDT,SET_1_INVESTING,B_CONTINUATION_RIDING,BUY,133.64,120.346607,120.346607,210.18,0.75122817,9.9864,120.346607,SL_HIT,-1.0093,-10.0788
SOLUSDT,SET_1_INVESTING,B_CONTINUATION_RIDING,BUY,125.05,117.632857,127.645714,210.18,1.33280209,9.8856,127.645714,MTF_TRAIL_HIT,0.3328,3.2902
SOLUSDT,SET_1_INVESTING,B_CONTINUATION_RIDING,BUY,127.71,117.721429,134.592857,210.18,0.99298335,9.9185,134.592857,MTF_TRAIL_HIT,0.6757,6.7023
SOLUSDT,SET_1_INVESTING,B_CONTINUATION_RIDING,BUY,135.08,117.685714,117.685714,210.18,0.57406831,9.9855,131.47,MTF_CHOCH_EXIT,-0.2151,-2.1483
SOLUSDT,SET_1_INVESTING,B_CONTINUATION_RIDING,BUY,131.47,125.05125,133.945312,210.18,1.55233115,9.964,133.945312,MTF_TRAIL_HIT,0.3649,3.6354
SOLUSDT,SET_1_INVESTING,B_CONTINUATION_RIDING,BUY,134.34,125.349643,141.792411,210.18,1.11234505,10.0004,141.792411,MTF_TRAIL_HIT,0.8133,8.1336
SOLUSDT,SET_1_INVESTING,B_CONTINUATION_RIDING,BUY,152.49,140.1475,140.1475,210.18,0.81682928,10.0817,140.1475,SL_HIT,-1.0116,-10.1982
SOLUSDT,SET_1_INVESTING,B_CONTINUATION_RIDING,BUY,140.18,136.402679,142.01567,210.18,2.64201332,9.9797,142.01567,MTF_TRAIL_HIT,0.4485,4.4757
SOLUSDT,SET_1_INVESTING,B_CONTINUATION_RIDING,BUY,136.82,130.90125,143.070312,210.18,1.69368369,10.0245,143.070312,MTF_TRAIL_HIT,1.0321,10.3459
SOLUSDT,SET_1_INVESTING,B_CONTINUATION_RIDING,BUY,143.24,130.949821,149.327455,210.18,0.82406852,10.1279,149.327455,MTF_TRAIL_HIT,0.4833,4.8944
SOLUSDT,SET_1_INVESTING,B_CONTINUATION_RIDING,BUY,143.96,131.01875,154.864688,210.18,0.78639186,10.1769,154.864688,MTF_TRAIL_HIT,0.8308,8.4553
SOLUSDT,SET_1_INVESTING,B_CONTINUATION_RIDING,BUY,166.1,156.72625,156.72625,259.9,1.09470028,10.2614,156.72625,SL_HIT,-1.0169,-10.435
SOLUSDT,SET_1_INVESTING,B_CONTINUATION_RIDING,BUY,157.95,152.7575,168.001875,259.9,1.95610907,10.1571,168.001875,MTF_TRAIL_HIT,1.9039,19.3379
SOLUSDT,SET_1_INVESTING,B_CONTINUATION_RIDING,BUY,166.62,152.678214,186.524554,259.9,0.74240673,10.3505,186.524554,MTF_TRAIL_HIT,1.4146,14.6418
SOLUSDT,SET_1_INVESTING,B_CONTINUATION_RIDING,BUY,225.72,216.190893,237.217723,264.39,1.10156105,10.4969,237.217723,MTF_TRAIL_HIT,1.1819,12.4067
SOLUSDT,SET_1_INVESTING,B_CONTINUATION_RIDING,BUY,206.53,200.886786,210.729196,264.39,1.88207638,10.621,210.729196,MTF_TRAIL_HIT,0.7069,7.5082
SOLUSDT,SET_1_INVESTING,B_CONTINUATION_RIDING,BUY,193.81,183.0275,197.114375,264.39,0.9919817,10.696,197.114375,MTF_TRAIL_HIT,0.2882,3.083
SOLUSDT,SET_1_INVESTING,B_CONTINUATION_RIDING,BUY,188.46,171.3775,193.439375,264.39,0.62794515,10.7269,193.439375,MTF_TRAIL_HIT,0.2802,3.0059
SOLUSDT,SET_1_INVESTING,B_CONTINUATION_RIDING,BUY,189.94,172.543393,172.543393,264.39,0.61833508,10.7569,191.38,MTF_CHOCH_EXIT,0.0718,0.7723
SOLUSDT,SET_1_INVESTING,B_CONTINUATION_RIDING,BUY,197.48,185.094107,185.094107,264.39,0.86910611,10.7647,185.094107,SL_HIT,-1.0151,-10.9277
SOLUSDT,SET_1_INVESTING,B_CONTINUATION_RIDING,BUY,184.95,179.024643,191.538661,264.39,1.79826774,10.6554,191.538661,MTF_TRAIL_HIT,1.0798,11.5062
SOLUSDT,SET_1_INVESTING,B_CONTINUATION_RIDING,BUY,187.68,179.062857,189.835714,264.39,1.2498853,10.7704,189.835714,MTF_TRAIL_HIT,0.2282,2.4577
SOLUSDT,SET_1_INVESTING,B_CONTINUATION_RIDING,BUY,182.87,165.856429,201.786607,264.39,0.63449448,10.795,201.786607,MTF_TRAIL_HIT,1.1002,11.8769
SOLUSDT,SET_1_INVESTING,B_CONTINUATION_RIDING,BUY,213.03,206.632143,217.300536,295.83,1.7058502,10.9138,217.300536,MTF_TRAIL_HIT,0.6337,6.9157
SOLUSDT,SET_1_INVESTING,B_CONTINUATION_RIDING,BUY,203.51,186.783571,214.518393,295.83,0.65662213,10.9829,214.518393,MTF_TRAIL_HIT,0.6455,7.089
SOLUSDT,SET_1_INVESTING,B_CONTINUATION_RIDING,BUY,189.54,170.757321,198.72433,295.83,0.58851205,11.0538,198.72433,MTF_TRAIL_HIT,0.4785,5.2892
SOLUSDT,SET_1_INVESTING,B_CONTINUATION_RIDING,BUY,191.99,170.894821,202.096205,295.83,0.52650539,11.1067,202.096205,MTF_TRAIL_HIT,0.4696,5.2156
SOLUSDT,SET_1_INVESTING,B_CONTINUATION_RIDING,BUY,197.96,182.857321,182.857321,295.83,0.73886771,11.1589,182.857321,SL_HIT,-1.0123,-11.2962
SOLUSDT,SET_1_INVESTING,B_CONTINUATION_RIDING,BUY,177.53,171.4675,171.4675,295.83,1.82200735,11.0459,171.4675,SL_HIT,-1.0285,-11.3605
SOLUSDT,SET_1_INVESTING,B_CONTINUATION_RIDING,BUY,169.32,157.715536,173.748884,295.83,0.94207835,10.9323,173.748884,MTF_TRAIL_HIT,0.3668,4.0095
SOLUSDT,SET_1_INVESTING,B_CONTINUATION_RIDING,BUY,176.0,157.917321,157.917321,295.83,0.60679118,10.9724,157.917321,SL_HIT,-1.0089,-11.0704
SOLUSDT,SET_1_INVESTING,B_CONTINUATION_RIDING,BUY,141.81,134.949643,145.374911,295.83,1.58325661,10.8617,145.374911,MTF_TRAIL_HIT,0.4986,5.4152
SOLUSDT,SET_1_INVESTING,B_CONTINUATION_RIDING,BUY,144.33,128.786071,128.786071,295.83,0.7022586,10.9159,128.786071,SL_HIT,-1.0085,-11.0085
SOLUSDT,SET_1_INVESTING,B_CONTINUATION_RIDING,BUY,148.18,122.16,173.345,295.83,0.41528719,10.8058,173.345,MTF_TRAIL_HIT,0.9607,10.3808
SOLUSDT,SET_1_INVESTING,B_CONTINUATION_RIDING,BUY,146.72,138.633393,162.578348,295.83,1.34909248,10.9096,162.578348,MTF_TRAIL_HIT,1.9414,21.1794
SOLUSDT,SET_1_INVESTING,B_CONTINUATION_RIDING,BUY,164.46,139.767321,172.80683,295.83,0.45039158,11.1214,172.80683,MTF_TRAIL_HIT,0.3311,3.6823
SOLUSDT,SET_1_INVESTING,B_CONTINUATION_RIDING,BUY,169.16,144.635179,144.635179,295.83,0.45497568,11.1582,166.86,MTF_CHOCH_EXIT,-0.1006,-1.1226
SOLUSDT,SET_1_INVESTING,B_CONTINUATION_RIDING,BUY,166.86,156.58125,170.540313,295.83,1.08446763,11.147,170.540313,MTF_TRAIL_HIT,0.3415,3.8071
SOLUSDT,SET_1_INVESTING,B_CONTINUATION_RIDING,BUY,168.59,156.531607,172.975402,295.83,0.92757322,11.185,172.975402,MTF_TRAIL_HIT,0.3494,3.9082
SOLUSDT,SET_1_INVESTING,B_CONTINUATION_RIDING,BUY,173.53,156.43125,183.435313,295.83,0.6564295,11.2241,183.435313,MTF_TRAIL_HIT,0.5687,6.383
SOLUSDT,SET_1_INVESTING,B_CONTINUATION_RIDING,BUY,174.01,156.606964,156.606964,295.83,0.64861985,11.288,174.91,MTF_CHOCH_EXIT,0.0417,0.4704
SOLUSDT,SET_1_INVESTING,B_CONTINUATION_RIDING,BUY,174.91,156.878571,156.878571,295.83,0.62627644,11.2927,156.878571,SL_HIT,-1.0089,-11.3932
SOLUSDT,SET_1_INVESTING,B_CONTINUATION_RIDING,BUY,156.2,152.862321,157.17558,295.83,3.3492522,11.1787,157.17558,MTF_TRAIL_HIT,0.2453,2.7418
SOLUSDT,SET_1_INVESTING,B_CONTINUATION_RIDING,BUY,156.45,149.784286,149.784286,295.83,1.68116193,11.2061,156.83,MTF_CHOCH_EXIT,0.0335,0.3754
SOLUSDT,SET_1_INVESTING,B_CONTINUATION_RIDING,BUY,147.83,139.497321,150.75683,187.71,1.34529353,11.2099,150.75683,MTF_TRAIL_HIT,0.3332,3.7355
SOLUSDT,SET_1_INVESTING,B_CONTINUATION_RIDING,BUY,144.64,138.015,151.88375,187.71,1.69769858,11.2473,151.88375,MTF_TRAIL_HIT,1.0707,12.0423
SOLUSDT,SET_1_INVESTING,B_CONTINUATION_RIDING,BUY,147.57,137.97125,137.97125,187.71,1.18428718,11.3677,137.97125,SL_HIT,-1.0146,-11.5333
SOLUSDT,SET_1_INVESTING,B_CONTINUATION_RIDING,BUY,140.11,133.49875,133.49875,187.71,1.70199938,11.2523,133.49875,SL_HIT,-1.0204,-11.4818
SOLUSDT,SET_1_INVESTING,B_CONTINUATION_RIDING,BUY,135.43,128.606964,128.606964,187.71,1.63234169,11.1375,128.606964,SL_HIT,-1.019,-11.3497
SOLUSDT,SET_1_INVESTING,B_CONTINUATION_RIDING,BUY,131.71,123.631964,144.900491,187.71,1.3646918,11.024,144.900491,MTF_TRAIL_HIT,1.6153,17.8068
SOLUSDT,SET_1_INVESTING,B_CONTINUATION_RIDING,BUY,205.17,187.742679,210.38317,295.83,0.6427894,11.2021,210.38317,MTF_TRAIL_HIT,0.2871,3.2164
SOLUSDT,SET_1_INVESTING,B_CONTINUATION_RIDING,BUY,208.68,187.818214,217.554554,295.83,0.53850912,11.2343,217.554554,MTF_TRAIL_HIT,0.4151,4.6628
SOLUSDT,SET_1_INVESTING,B_CONTINUATION_RIDING,BUY,220.93,213.553393,213.553393,253.51,1.52927898,11.2809,213.553393,SL_HIT,-1.0291,-11.6097
SOLUSDT,SET_1_INVESTING,B_CONTINUATION_RIDING,BUY,177.62,164.851429,195.807857,253.51,0.87439644,11.1648,195.807857,MTF_TRAIL_HIT,1.4094,15.7354
SOLUSDT,SET_1_INVESTING,B_CONTINUATION_RIDING,BUY,181.96,164.174821,187.843705,253.51,0.63660577,11.3221,187.843705,MTF_TRAIL_HIT,0.3203,3.6268
SOLUSDT,SET_1_INVESTING,B_CONTINUATION_RIDING,BUY,185.63,169.538036,192.977009,253.51,0.70584392,11.3584,192.977009,MTF_TRAIL_HIT,0.4447,5.0507
SOLUSDT,SET_1_INVESTING,B_CONTINUATION_RIDING,BUY,184.69,175.876071,188.056518,253.51,1.29441962,11.4089,188.056518,MTF_TRAIL_HIT,0.3607,4.1152
SOLUSDT,SET_1_INVESTING,B_CONTINUATION_RIDING,BUY,187.21,175.999821,175.999821,253.51,1.02139977,11.4501,175.999821,SL_HIT,-1.0159,-11.6321
SOLUSDT,SET_1_INVESTING,A_PULLBACK_RIDING,SELL,88.06,93.444286,85.686071,1.0301,2.10496868,11.3338,85.686071,MTF_TRAIL_HIT,0.4249,4.8157
SOLUSDT,SET_1_INVESTING,A_PULLBACK_RIDING,SELL,85.91,93.431429,82.200357,1.0301,1.51326429,11.3819,82.200357,MTF_TRAIL_HIT,0.4822,5.4881
SOLUSDT,SET_1_INVESTING,A_PULLBACK_RIDING,SELL,81.85,93.429107,93.429107,1.0301,0.9877092,11.4368,86.64,MTF_CHOCH_EXIT,-0.4211,-4.8158
SOLUSDT,SET_1_INVESTING,A_PULLBACK_RIDING,SELL,86.64,93.575893,84.233973,1.0301,1.64198514,11.3886,84.233973,MTF_TRAIL_HIT,0.3347,3.8115
SOLUSDT,SET_1_INVESTING,A_PULLBACK_RIDING,SELL,86.97,93.579286,93.579286,1.0301,1.72889309,11.4267,93.579286,SL_HIT,-1.014,-11.5863
SOLUSDT,SET_1_INVESTING,A_PULLBACK_RIDING,SELL,90.85,95.594643,89.096161,1.0301,2.38392772,11.3109,89.096161,MTF_TRAIL_HIT,0.3508,3.9678
SOLUSDT,SET_1_INVESTING,A_PULLBACK_RIDING,SELL,88.77,95.630179,85.355045,1.0301,1.65455798,11.3506,85.355045,MTF_TRAIL_HIT,0.4853,5.5079
SOLUSDT,SET_1_INVESTING,A_PULLBACK_RIDING,SELL,84.7,95.665,95.665,1.0301,1.04018622,11.4056,84.96,MTF_CHOCH_EXIT,-0.0315,-0.3588
SOLUSDT,SET_1_INVESTING,A_PULLBACK_RIDING,SELL,84.96,95.675893,95.675893,1.0301,1.06403211,11.4021,95.675893,SL_HIT,-1.0087,-11.5016
SOLUSDT,SET_1_INVESTING,A_PULLBACK_RIDING,SELL,96.2,98.905714,93.826429,1.0301,4.1715558,11.287,93.826429,MTF_TRAIL_HIT,0.8424,9.508
SOLUSDT,SET_1_INVESTING,A_PULLBACK_RIDING,SELL,94.62,98.885,89.61625,1.0301,2.66872651,11.3821,89.61625,MTF_TRAIL_HIT,1.152,13.1118
SOLUSDT,SET_1_INVESTING,A_PULLBACK_RIDING,SELL,90.08,98.84625,87.331563,1.0301,1.31335934,11.5132,87.331563,MTF_TRAIL_HIT,0.3035,3.4942
SOLUSDT,SET_1_INVESTING,A_PULLBACK_RIDING,SELL,86.2,98.794107,98.794107,1.0301,0.91695097,11.5482,91.43,MTF_CHOCH_EXIT,-0.4225,-4.8785
SOLUSDT,SET_1_INVESTING,A_PULLBACK_RIDING,SELL,91.43,98.823214,87.298304,1.0301,1.55539836,11.4994,87.298304,MTF_TRAIL_HIT,0.5469,6.2893
SOLUSDT,SET_1_INVESTING,A_PULLBACK_RIDING,SELL,86.53,94.656429,83.891607,1.0301,1.42280052,11.5623,83.891607,MTF_TRAIL_HIT,0.3143,3.6338
SOLUSDT,SET_1_INVESTING,A_PULLBACK_RIDING,SELL,83.11,94.636964,94.636964,1.0301,1.00621675,11.5986,82.54,MTF_CHOCH_EXIT,0.0423,0.4904
SOLUSDT,SET_1_INVESTING,A_PULLBACK_RIDING,SELL,80.4,88.136786,88.136786,1.0301,1.49978669,11.6035,80.03,MTF_CHOCH_EXIT,0.0375,0.4348
SOLUSDT,SET_1_INVESTING,A_PULLBACK_RIDING,SELL,85.56,88.102679,82.87567,1.0301,4.56521558,11.6079,82.87567,MTF_TRAIL_HIT,1.0229,11.8737
SOLUSDT,SET_1_INVESTING,A_PULLBACK_RIDING,SELL,82.57,88.11875,88.11875,1.0301,2.11337919,11.7266,86.51,MTF_CHOCH_EXIT,-0.7255,-8.5079
SOLUSDT,SET_1_INVESTING,A_PULLBACK_RIDING,SELL,86.51,88.061071,83.687768,1.0301,7.50547881,11.6415,83.687768,MTF_TRAIL_HIT,1.7652,20.5498
SOLUSDT,SET_1_INVESTING,A_PULLBACK_RIDING,SELL,83.72,88.708036,88.708036,1.0301,2.37508951,11.847,88.708036,SL_HIT,-1.0176,-12.0554
SOLUSDT,SET_1_INVESTING,A_PULLBACK_RIDING,SELL,89.05,91.549464,87.964866,1.0301,4.69159633,11.7265,87.964866,MTF_TRAIL_HIT,0.3989,4.6772
SOLUSDT,SET_1_INVESTING,A_PULLBACK_RIDING,SELL,88.76,91.773214,86.533304,1.0301,3.90720629,11.7732,86.533304,MTF_TRAIL_HIT,0.7101,8.3603
SOLUSDT,SET_1_INVESTING,A_PULLBACK_RIDING,SELL,86.16,91.797143,84.349286,1.0301,2.10334433,11.8569,84.349286,MTF_TRAIL_HIT,0.3062,3.6304
SOLUSDT,SET_1_INVESTING,A_PULLBACK_RIDING,SELL,83.47,91.807321,91.807321,1.0301,1.42649604,11.8932,85.28,MTF_CHOCH_EXIT,-0.2273,-2.7031
SOLUSDT,SET_1_INVESTING,A_PULLBACK_RIDING,SELL,85.28,91.794464,91.794464,1.0301,1.82150433,11.8661,84.82,MTF_CHOCH_EXIT,0.0576,0.6832
SOLUSDT,SET_1_INVESTING,A_PULLBACK_RIDING,SELL,84.82,90.14,82.73,1.0301,2.23175882,11.873,82.73,MTF_TRAIL_HIT,0.3772,4.4788
SOLUSDT,SET_1_INVESTING,A_PULLBACK_RIDING,SELL,83.04,90.114286,90.114286,1.0301,1.68465697,11.9177,84.1,MTF_CHOCH_EXIT,-0.1617,-1.9271
SOLUSDT,SET_1_INVESTING,A_PULLBACK_RIDING,SELL,84.1,88.671786,88.671786,1.0301,2.60258784,11.8985,88.671786,SL_HIT,-1.0192,-12.1269
SOLUSDT,SET_1_INVESTING,A_PULLBACK_RIDING,SELL,89.16,90.639286,87.999821,1.0301,7.96141324,11.7772,87.999821,MTF_TRAIL_HIT,0.7246,8.5341
SOLUSDT,SET_1_INVESTING,A_PULLBACK_RIDING,SELL,88.42,91.05125,91.05125,1.0301,4.508331,11.8625,91.05125,SL_HIT,-1.0344,-12.2707
SOLUSDT,SET_1_INVESTING,A_PULLBACK_RIDING,SELL,92.01,93.468036,93.468036,1.0301,8.05181833,11.7398,93.468036,SL_HIT,-1.0639,-12.4902
SOLUSDT,SET_1_INVESTING,A_PULLBACK_RIDING,SELL,93.13,94.856786,94.856786,1.0301,6.72633361,11.6149,94.856786,SL_HIT,-1.0547,-12.2507
SOLUSDT,SET_1_INVESTING,A_PULLBACK_RIDING,SELL,96.47,97.738929,94.617232,1.0301,9.05679765,11.4924,94.617232,MTF_TRAIL_HIT,1.3852,15.9197
SOLUSDT,SET_1_INVESTING,A_PULLBACK_RIDING,SELL,97.37,99.142857,93.993214,1.0301,6.57223096,11.6516,93.993214,MTF_TRAIL_HIT,1.8513,21.5707
SOLUSDT,SET_1_INVESTING,A_PULLBACK_RIDING,SELL,94.28,99.181786,91.495446,1.0301,2.4210226,11.8673,91.495446,MTF_TRAIL_HIT,0.5493,6.5186
SOLUSDT,SET_1_INVESTING,A_PULLBACK_RIDING,SELL,91.17,99.209643,87.529911,1.0301,1.48421017,11.9325,87.529911,MTF_TRAIL_HIT,0.4418,5.2716
SOLUSDT,SET_1_INVESTING,A_PULLBACK_RIDING,SELL,86.54,99.329821,99.329821,1.0301,0.93709175,11.9852,85.38,MTF_CHOCH_EXIT,0.084,1.0068
SOLUSDT,SET_1_INVESTING,A_PULLBACK_RIDING,SELL,85.38,99.366071,99.366071,1.0301,0.85766072,11.9953,85.06,MTF_CHOCH_EXIT,0.0168,0.2014
SOLUSDT,SET_1_INVESTING,A_PULLBACK_RIDING,SELL,85.06,88.910357,83.062589,1.0301,3.11589755,11.9973,83.062589,MTF_TRAIL_HIT,0.4971,5.9636
SOLUSDT,SET_1_INVESTING,A_PULLBACK_RIDING,SELL,82.44,88.836607,80.709152,1.0301,1.88489842,12.057,80.709152,MTF_TRAIL_HIT,0.2579,3.1097
SOLUSDT,SET_1_INVESTING,A_PULLBACK_RIDING,SELL,81.28,87.272857,74.228214,1.0301,2.01707651,12.0881,74.228214,MTF_TRAIL_HIT,1.1641,14.0714
SOLUSDT,SET_1_INVESTING,A_PULLBACK_RIDING,SELL,66.82,70.206964,70.206964,1.0301,3.61053862,12.2288,70.206964,SL_HIT,-1.0205,-12.4798
SOLUSDT,SET_1_INVESTING,A_PULLBACK_RIDING,SELL,71.28,72.4675,70.956875,1.0301,10.19281426,12.104,70.956875,MTF_TRAIL_HIT,0.2123,2.5695
SOLUSDT,SET_1_INVESTING,A_PULLBACK_RIDING,SELL,68.11,75.967321,66.00433,1.0301,1.54374012,12.1297,66.00433,MTF_TRAIL_HIT,0.2595,3.148
SOLUSDT,SET_1_INVESTING,A_PULLBACK_RIDING,SELL,67.72,75.992143,75.992143,1.0301,1.4701321,12.1611,75.992143,SL_HIT,-1.009,-12.2704
SOLUSDT,SET_1_INVESTING,A_PULLBACK_RIDING,SELL,75.16,77.555714,72.498929,1.0301,5.02498916,12.0384,72.498929,MTF_TRAIL_HIT,1.0803,13.0048
SOLUSDT,SET_1_INVESTING,A_PULLBACK_RIDING,SELL,73.67,77.565357,77.565357,1.0301,3.12384361,12.1685,77.565357,SL_HIT,-1.0197,-12.4084
SOLUSDT,SET_1_INVESTING,A_PULLBACK_RIDING,SELL,77.46,80.08625,80.08625,1.0301,4.58615996,12.0444,80.08625,SL_HIT,-1.0303,-12.4093
SOLUSDT,SET_1_INVESTING,A_PULLBACK_RIDING,SELL,80.73,83.931786,83.931786,1.0301,3.72301906,11.9203,83.931786,SL_HIT,-1.026,-12.2305
SOLUSDT,SET_1_INVESTING,A_PULLBACK_RIDING,SELL,81.8,85.105179,80.506295,1.0301,3.56955137,11.798,80.506295,MTF_TRAIL_HIT,0.367,4.3296
SOLUSDT,SET_1_INVESTING,A_PULLBACK_RIDING,SELL,81.59,85.111964,80.110491,1.0301,3.36212972,11.8413,80.110491,MTF_TRAIL_HIT,0.3972,4.7039
SOLUSDT,SET_1_INVESTING,A_PULLBACK_RIDING,SELL,81.94,85.127679,81.13692,1.0301,3.72946638,11.8883,81.13692,MTF_TRAIL_HIT,0.2264,2.6918
SOLUSDT,SET_1_INVESTING,A_PULLBACK_RIDING,SELL,80.58,85.101786,77.420446,1.0301,2.63507804,11.9153,77.420446,MTF_TRAIL_HIT,0.6815,8.12
SOLUSDT,SET_1_INVESTING,A_PULLBACK_RIDING,SELL,77.83,85.079643,75.912411,1.0301,1.65476536,11.9965,75.912411,MTF_TRAIL_HIT,0.254,3.0469
SOLUSDT,SET_1_INVESTING,A_PULLBACK_RIDING,SELL,75.01,84.619643,84.619643,1.0301,1.25154774,12.0269,77.85,MTF_CHOCH_EXIT,-0.3036,-3.6511
SOLUSDT,SET_1_INVESTING,A_PULLBACK_RIDING,SELL,77.85,79.680536,75.887634,1.0301,6.55022209,11.9904,75.887634,MTF_TRAIL_HIT,1.0303,12.3542
SOLUSDT,SET_1_INVESTING,A_PULLBACK_RIDING,SELL,75.88,79.473393,74.338348,1.0301,3.37117538,12.114,74.338348,MTF_TRAIL_HIT,0.4082,4.9455
SOLUSDT,SET_1_INVESTING,A_PULLBACK_RIDING,SELL,73.96,79.480536,79.480536,1.0301,2.20330292,12.1634,75.99,MTF_CHOCH_EXIT,-0.3814,-4.6393
SOLUSDT,SET_1_INVESTING,A_PULLBACK_RIDING,SELL,75.99,79.443571,79.443571,1.0301,3.50854763,12.117,75.99,MTF_CHOCH_EXIT,-0.022,-0.2667
SOLUSDT,SET_2_POSITIONAL,A_PULLBACK_RIDING,SELL,84.96,87.531429,87.531429,67.5,3.88888889,10.0,85.55,MTF_CHOCH_EXIT,-0.2627,-2.6267
SOLUSDT,SET_2_POSITIONAL,A_PULLBACK_RIDING,SELL,85.55,87.536429,87.536429,67.5,5.02093699,9.9737,87.536429,SL_HIT,-1.0439,-10.4113
SOLUSDT,SET_2_POSITIONAL,A_PULLBACK_RIDING,SELL,86.79,88.155,85.25125,67.5,7.23049049,9.8696,85.25125,MTF_TRAIL_HIT,1.0646,10.5072
SOLUSDT,SET_2_POSITIONAL,A_PULLBACK_RIDING,SELL,88.33,89.136786,85.861696,67.5,12.36349535,9.9747,85.861696,MTF_TRAIL_HIT,2.9524,29.449
SOLUSDT,SET_2_POSITIONAL,A_PULLBACK_RIDING,SELL,87.29,89.322679,85.22817,67.5,5.05204415,10.2692,85.22817,MTF_TRAIL_HIT,0.9722,9.9837
SOLUSDT,SET_2_POSITIONAL,A_PULLBACK_RIDING,SELL,85.82,88.575,88.575,67.5,3.76370934,10.369,88.575,SL_HIT,-1.032,-10.7004
SOLUSDT,SET_2_POSITIONAL,A_PULLBACK_RIDING,SELL,89.69,91.621964,88.632991,67.5,5.31170045,10.262,88.632991,MTF_TRAIL_HIT,0.5011,5.1425
SOLUSDT,SET_2_POSITIONAL,A_PULLBACK_RIDING,SELL,88.68,91.624821,91.624821,67.5,3.50222963,10.3134,91.624821,SL_HIT,-1.0309,-10.6323
SOLUSDT,SET_2_POSITIONAL,A_PULLBACK_RIDING,SELL,88.03,90.576964,90.576964,67.5,4.00756216,10.2071,87.86,MTF_CHOCH_EXIT,0.0322,0.329
SOLUSDT,SET_2_POSITIONAL,A_PULLBACK_RIDING,SELL,86.97,89.740893,84.192723,67.5,3.68487998,10.2104,84.192723,MTF_TRAIL_HIT,0.9717,9.9216
SOLUSDT,SET_2_POSITIONAL,A_PULLBACK_RIDING,SELL,85.24,87.585714,87.585714,67.5,4.39508923,10.3096,84.85,MTF_CHOCH_EXIT,0.13,1.3408
SOLUSDT,SET_2_POSITIONAL,A_PULLBACK_RIDING,SELL,84.85,87.581964,87.581964,67.5,3.77861133,10.323,85.07,MTF_CHOCH_EXIT,-0.1117,-1.1526
SOLUSDT,SET_2_POSITIONAL,A_PULLBACK_RIDING,SELL,85.07,87.294286,84.256071,67.5,4.63587251,10.3115,84.256071,MTF_TRAIL_HIT,0.328,3.3819
SOLUSDT,SET_2_POSITIONAL,A_PULLBACK_RIDING,SELL,84.37,86.32125,86.32125,67.5,5.30189547,10.3453,84.1,MTF_CHOCH_EXIT,0.0952,0.9853
SOLUSDT,SET_2_POSITIONAL,A_PULLBACK_RIDING,SELL,84.1,86.313571,86.313571,67.5,4.67804025,10.3552,86.313571,SL_HIT,-1.0388,-10.7569
SOLUSDT,SET_2_POSITIONAL,A_PULLBACK_RIDING,SELL,86.16,87.409464,87.409464,67.5,8.2016004,10.2476,86.85,MTF_CHOCH_EXIT,-0.6216,-6.3704
SOLUSDT,SET_2_POSITIONAL,A_PULLBACK_RIDING,SELL,86.85,87.370536,86.330134,67.5,19.56427317,10.1839,86.330134,MTF_TRAIL_HIT,0.8326,8.4795
SOLUSDT,SET_2_POSITIONAL,A_PULLBACK_RIDING,SELL,86.64,87.50125,85.785312,67.5,11.92301676,10.2687,85.785312,MTF_TRAIL_HIT,0.8926,9.1654
SOLUSDT,SET_2_POSITIONAL,A_PULLBACK_RIDING,SELL,85.58,87.5575,87.5575,67.5,5.23911636,10.3604,87.5575,SL_HIT,-1.0441,-10.8171
SOLUSDT,SET_2_POSITIONAL,A_PULLBACK_RIDING,SELL,87.83,88.30625,87.139062,67.5,21.52689108,10.2522,87.139062,MTF_TRAIL_HIT,1.2675,12.9946
SOLUSDT,SET_2_POSITIONAL,A_PULLBACK_RIDING,SELL,87.36,88.297321,86.82433,67.5,11.07638002,10.3821,86.82433,MTF_TRAIL_HIT,0.4787,4.9703
SOLUSDT,SET_2_POSITIONAL,A_PULLBACK_RIDING,SELL,87.03,88.295179,86.586295,67.5,8.24534266,10.4318,86.586295,MTF_TRAIL_HIT,0.2822,2.9437
SOLUSDT,SET_2_POSITIONAL,A_PULLBACK_RIDING,SELL,86.77,88.306786,84.384196,67.5,6.80723933,10.4613,84.384196,MTF_TRAIL_HIT,1.4972,15.663
SOLUSDT,SET_2_POSITIONAL,A_PULLBACK_RIDING,SELL,85.75,87.902143,87.902143,67.5,4.93363993,10.6179,85.81,MTF_CHOCH_EXIT,-0.0678,-0.7194
SOLUSDT,SET_2_POSITIONAL,A_PULLBACK_RIDING,SELL,85.81,87.878036,84.997009,67.5,5.13081282,10.6107,84.997009,MTF_TRAIL_HIT,0.3519,3.7343
SOLUSDT,SET_2_POSITIONAL,A_PULLBACK_RIDING,SELL,85.31,87.91,84.35,67.5,4.09540276,10.648,84.35,MTF_TRAIL_HIT,0.3367,3.5853
SOLUSDT,SET_2_POSITIONAL,A_PULLBACK_RIDING,SELL,85.27,87.913571,87.913571,67.5,4.04146454,10.6839,84.95,MTF_CHOCH_EXIT,0.0889,0.9496
SOLUSDT,SET_2_POSITIONAL,B_CONTINUATION_RIDING,SELL,84.95,87.875357,87.875357,67.5,3.65541574,10.6934,84.22,MTF_CHOCH_EXIT,0.2207,2.36
SOLUSDT,SET_2_POSITIONAL,B_CONTINUATION_RIDING,SELL,84.22,86.827679,86.827679,67.5,4.10978439,10.717,83.63,MTF_CHOCH_EXIT,0.1941,2.0805
SOLUSDT,SET_2_POSITIONAL,B_CONTINUATION_RIDING,SELL,83.63,86.415179,82.796295,67.5,3.85533701,10.7378,82.796295,MTF_TRAIL_HIT,0.2695,2.8943
SOLUSDT,SET_2_POSITIONAL,B_CONTINUATION_RIDING,SELL,82.44,85.163571,81.180893,67.5,3.95317159,10.7667,81.180893,MTF_TRAIL_HIT,0.4324,4.6555
SOLUSDT,SET_2_POSITIONAL,B_CONTINUATION_RIDING,SELL,82.59,83.622321,81.85808,67.5,10.4747416,10.8133,81.85808,MTF_TRAIL_HIT,0.6296,6.8076
SOLUSDT,SET_2_POSITIONAL,B_CONTINUATION_RIDING,SELL,82.06,83.636607,83.636607,67.5,6.90176745,10.8814,82.67,MTF_CHOCH_EXIT,-0.4393,-4.7799
SOLUSDT,SET_2_POSITIONAL,B_CONTINUATION_RIDING,SELL,82.67,83.609643,82.094911,67.5,11.52946236,10.8336,82.094911,MTF_TRAIL_HIT,0.5245,5.6825
SOLUSDT,SET_2_POSITIONAL,B_CONTINUATION_RIDING,SELL,82.37,83.59,83.59,67.5,8.92655891,10.8904,83.25,MTF_CHOCH_EXIT,-0.7894,-8.597
SOLUSDT,SET_2_POSITIONAL,B_CONTINUATION_RIDING,SELL,83.25,83.681429,82.627857,67.5,25.04338402,10.8044,82.627857,MTF_TRAIL_HIT,1.2502,13.5079
SOLUSDT,SET_2_POSITIONAL,B_CONTINUATION_RIDING,SELL,82.66,83.678929,82.044732,67.5,10.73628736,10.9395,82.044732,MTF_TRAIL_HIT,0.5232,5.7234
SOLUSDT,SET_2_POSITIONAL,B_CONTINUATION_RIDING,SELL,81.88,83.674464,83.674464,67.5,6.12814859,10.9967,82.63,MTF_CHOCH_EXIT,-0.4639,-5.1016
SOLUSDT,SET_2_POSITIONAL,A_PULLBACK_RIDING,SELL,67.46,68.367143,66.876786,60.13,12.06615619,10.9457,66.876786,MTF_TRAIL_HIT,0.5691,6.2287
SOLUSDT,SET_2_POSITIONAL,A_PULLBACK_RIDING,SELL,65.88,66.537143,65.054286,60.13,16.75132597,11.008,65.054286,MTF_TRAIL_HIT,1.1573,12.7391
SOLUSDT,SET_2_POSITIONAL,A_PULLBACK_RIDING,SELL,66.93,67.820179,66.582545,60.13,12.50918176,11.1354,66.582545,MTF_TRAIL_HIT,0.3154,3.5125
SOLUSDT,SET_2_POSITIONAL,A_PULLBACK_RIDING,SELL,66.93,67.79375,66.635937,60.13,12.93259681,11.1705,66.635937,MTF_TRAIL_HIT,0.2632,2.9403
SOLUSDT,SET_2_POSITIONAL,A_PULLBACK_RIDING,SELL,66.93,67.84875,66.599688,60.13,12.19040409,11.1999,66.599688,MTF_TRAIL_HIT,0.287,3.2138
SOLUSDT,SET_2_POSITIONAL,A_PULLBACK_RIDING,SELL,67.9,69.110179,69.110179,60.13,9.28133451,11.2321,69.110179,SL_HIT,-1.0569,-11.8714
SOLUSDT,SET_2_POSITIONAL,A_PULLBACK_RIDING,SELL,71.28,71.568393,70.732098,60.13,38.53548485,11.1134,70.732098,MTF_TRAIL_HIT,1.6542,18.3833
SOLUSDT,SET_2_POSITIONAL,A_PULLBACK_RIDING,SELL,70.0,70.450357,70.450357,60.13,25.08496222,11.2972,70.450357,SL_HIT,-1.1563,-13.0624
SOLUSDT,SET_2_POSITIONAL,A_PULLBACK_RIDING,SELL,71.6,72.810893,70.772723,60.13,9.22176345,11.1666,70.772723,MTF_TRAIL_HIT,0.6246,6.9747
SOLUSDT,SET_2_POSITIONAL,A_PULLBACK_RIDING,SELL,72.02,72.983214,71.330804,60.13,11.66543565,11.2363,71.330804,MTF_TRAIL_HIT,0.6413,7.2059
SOLUSDT,SET_2_POSITIONAL,A_PULLBACK_RIDING,SELL,71.86,72.974643,72.974643,60.13,10.14528877,11.3084,72.974643,SL_HIT,-1.0653,-12.0466
SOLUSDT,SET_2_POSITIONAL,A_PULLBACK_RIDING,SELL,73.22,74.639464,74.639464,60.13,7.88178192,11.1879,73.63,MTF_CHOCH_EXIT,-0.3407,-3.8113
SOLUSDT,SET_2_POSITIONAL,A_PULLBACK_RIDING,SELL,73.21,74.739643,72.692411,60.13,7.28914911,11.1498,72.692411,MTF_TRAIL_HIT,0.2908,3.2421
SOLUSDT,SET_2_POSITIONAL,B_CONTINUATION_RIDING,SELL,74.1,75.372143,73.298036,67.5,8.7900629,11.1822,73.298036,MTF_TRAIL_HIT,0.5727,6.4035
SOLUSDT,SET_2_POSITIONAL,B_CONTINUATION_RIDING,SELL,70.77,71.565714,68.588929,67.5,14.13352894,11.2463,68.588929,MTF_TRAIL_HIT,2.6543,29.8505
SOLUSDT,SET_2_POSITIONAL,B_CONTINUATION_RIDING,SELL,72.07,72.887321,72.887321,67.5,14.12511125,11.5448,72.887321,SL_HIT,-1.089,-12.5721
SOLUSDT,SET_2_POSITIONAL,B_CONTINUATION_RIDING,SELL,76.44,78.468929,75.617232,67.5,5.62811074,11.419,75.617232,MTF_TRAIL_HIT,0.3682,4.2041
SOLUSDT,SET_2_POSITIONAL,B_CONTINUATION_RIDING,SELL,75.4,77.182143,77.182143,67.5,6.43106426,11.4611,77.182143,SL_HIT,-1.0431,-11.9552
SOLUSDT,SET_2_POSITIONAL,B_CONTINUATION_RIDING,SELL,77.38,78.259464,77.029866,67.5,12.89594497,11.3415,77.029866,MTF_TRAIL_HIT,0.3104,3.5209
SOLUSDT,SET_2_POSITIONAL,B_CONTINUATION_RIDING,SELL,77.17,78.258571,78.258571,67.5,10.45106601,11.3767,77.78,MTF_CHOCH_EXIT,-0.6317,-7.1869
SOLUSDT,SET_2_POSITIONAL,B_CONTINUATION_RIDING,SELL,77.42,79.017143,79.017143,67.5,7.07817901,11.3049,79.017143,SL_HIT,-1.0493,-11.862
SOLUSDT,SET_2_POSITIONAL,B_CONTINUATION_RIDING,SELL,78.07,79.334286,77.256071,67.5,8.84787599,11.1862,77.256071,MTF_TRAIL_HIT,0.5825,6.5164
SOLUSDT,SET_2_POSITIONAL,B_CONTINUATION_RIDING,SELL,77.18,79.341071,79.341071,67.5,5.20640248,11.2514,76.95,MTF_CHOCH_EXIT,0.0708,0.7965
SOLUSDT,SET_2_POSITIONAL,B_CONTINUATION_RIDING,SELL,75.04,76.882679,76.882679,67.5,6.1103294,11.2594,75.38,MTF_CHOCH_EXIT,-0.2254,-2.5378
SOLUSDT,SET_3_SWING,A_PULLBACK_RIDING,SELL,69.99,70.270714,69.740179,67.92,35.62340967,10.0,69.740179,MTF_TRAIL_HIT,0.6413,6.413
SOLUSDT,SET_3_SWING,A_PULLBACK_RIDING,SELL,69.05,69.849107,68.329777,60.13,12.59421799,10.0641,68.329777,MTF_TRAIL_HIT,0.8156,8.2081
SOLUSDT,SET_3_SWING,B_CONTINUATION_RIDING,SELL,68.21,69.134286,69.134286,64.04,10.97735348,10.1462,68.06,MTF_CHOCH_EXIT,0.0886,0.899
SOLUSDT,SET_3_SWING,B_CONTINUATION_RIDING,BUY,71.66,69.500536,72.790134,98.41,4.70264848,10.1552,72.790134,MTF_TRAIL_HIT,0.4897,4.9734
SOLUSDT,SET_3_SWING,B_CONTINUATION_RIDING,BUY,72.68,69.474643,69.474643,98.41,3.18371254,10.2049,71.68,MTF_CHOCH_EXIT,-0.3344,-3.4125
SOLUSDT,SET_3_SWING,B_CONTINUATION_RIDING,BUY,71.68,69.465714,72.566429,98.41,4.59326926,10.1708,72.566429,MTF_TRAIL_HIT,0.3676,3.7392
SOLUSDT,SET_3_SWING,B_CONTINUATION_RIDING,BUY,72.39,69.855179,69.855179,98.41,4.02718784,10.2082,72.73,MTF_CHOCH_EXIT,0.1055,1.0767
SOLUSDT,SET_3_SWING,B_CONTINUATION_RIDING,BUY,72.73,70.229821,73.924955,98.41,4.08729552,10.219,73.924955,MTF_TRAIL_HIT,0.4485,4.583
SOLUSDT,SET_3_SWING,B_CONTINUATION_RIDING,BUY,73.64,73.109464,73.109464,76.49,19.34798815,10.2648,73.109464,SL_HIT,-1.138,-11.6812
SOLUSDT,SET_3_SWING,B_CONTINUATION_RIDING,BUY,73.65,72.750893,74.135223,98.41,11.28673839,10.148,74.135223,MTF_TRAIL_HIT,0.4573,4.6411
SOLUSDT,SET_3_SWING,B_CONTINUATION_RIDING,BUY,73.95,72.021071,74.547768,98.41,5.28500531,10.1944,74.547768,MTF_TRAIL_HIT,0.2713,2.7659
SOLUSDT,SET_3_SWING,B_CONTINUATION_RIDING,BUY,74.78,72.023214,72.023214,98.41,3.70796207,10.2221,75.57,MTF_CHOCH_EXIT,0.2592,2.6497
SOLUSDT,SET_3_SWING,B_CONTINUATION_RIDING,BUY,75.57,72.027679,72.027679,98.41,2.89317447,10.2486,75.44,MTF_CHOCH_EXIT,-0.058,-0.5944
SOLUSDT,SET_3_SWING,B_CONTINUATION_RIDING,BUY,75.44,72.031607,72.031607,98.41,3.0051142,10.2426,74.62,MTF_CHOCH_EXIT,-0.2625,-2.6889
SOLUSDT,SET_3_SWING,B_CONTINUATION_RIDING,BUY,77.0,74.018929,74.018929,98.41,3.42686214,10.2157,77.42,MTF_CHOCH_EXIT,0.115,1.1743
SOLUSDT,SET_3_SWING,B_CONTINUATION_RIDING,BUY,77.42,74.366071,78.196518,98.41,3.3489532,10.2275,78.196518,MTF_TRAIL_HIT,0.2287,2.3392
SOLUSDT,SET_3_SWING,B_CONTINUATION_RIDING,BUY,77.87,76.336429,76.336429,98.41,6.68430287,10.2509,77.26,MTF_CHOCH_EXIT,-0.4482,-4.5946
SOLUSDT,SET_3_SWING,A_PULLBACK_RIDING,BUY,77.9,76.670893,78.212723,98.41,8.30270171,10.2049,78.212723,MTF_TRAIL_HIT,0.1909,1.9477
SOLUSDT,SET_3_SWING,A_PULLBACK_RIDING,BUY,78.48,77.010893,79.432723,98.41,6.95959236,10.2244,79.432723,MTF_TRAIL_HIT,0.5946,6.0792
SOLUSDT,SET_3_SWING,A_PULLBACK_RIDING,BUY,79.5,77.359821,81.644955,98.41,4.80575712,10.2852,81.644955,MTF_TRAIL_HIT,0.9643,9.9179
SOLUSDT,SET_3_SWING,A_PULLBACK_RIDING,BUY,80.73,80.160179,80.160179,98.41,18.22387992,10.3844,80.51,MTF_CHOCH_EXIT,-0.5274,-5.477
SOLUSDT,SET_3_SWING,A_PULLBACK_RIDING,BUY,80.51,80.17875,81.177188,98.41,31.18365854,10.3296,81.177188,MTF_TRAIL_HIT,1.7695,18.2785
SOLUSDT,SET_3_SWING,A_PULLBACK_RIDING,BUY,81.15,80.179464,80.179464,98.41,10.8315146,10.5124,80.92,MTF_CHOCH_EXIT,-0.3204,-3.3681
SOLUSDT,SET_3_SWING,A_PULLBACK_RIDING,BUY,81.69,80.494464,80.494464,98.41,8.76484961,10.4787,81.54,MTF_CHOCH_EXIT,-0.1937,-2.0296
SOLUSDT,SET_3_SWING,A_PULLBACK_RIDING,BUY,81.54,80.505179,82.111295,98.41,10.10647322,10.4584,82.111295,MTF_TRAIL_HIT,0.4728,4.9452
SOLUSDT,SET_3_SWING,A_PULLBACK_RIDING,BUY,82.12,80.740893,82.875223,98.41,7.61931158,10.5078,82.875223,MTF_TRAIL_HIT,0.4876,5.1241
SOLUSDT,SET_3_SWING,A_PULLBACK_RIDING,BUY,82.18,81.637143,82.714286,98.41,19.45095116,10.5591,82.714286,MTF_TRAIL_HIT,0.8321,8.7858
SOLUSDT,SET_3_SWING,A_PULLBACK_RIDING,BUY,82.74,81.630357,83.702589,98.41,9.59493033,10.6469,83.702589,MTF_TRAIL_HIT,0.7922,8.4348
SOLUSDT,SET_3_SWING,A_PULLBACK_RIDING,BUY,83.48,81.623393,81.623393,98.41,5.78005648,10.7313,82.32,MTF_CHOCH_EXIT,-0.6693,-7.1819
SOLUSDT,SET_3_SWING,A_PULLBACK_RIDING,BUY,81.82,81.259464,81.259464,98.41,19.01658429,10.6595,81.59,MTF_CHOCH_EXIT,-0.5559,-5.926
SOLUSDT,SET_3_SWING,A_PULLBACK_RIDING,BUY,81.59,81.195714,81.821429,98.41,26.8846019,10.6002,81.821429,MTF_TRAIL_HIT,0.3796,4.0237
SOLUSDT,SET_3_SWING,A_PULLBACK_RIDING,BUY,81.66,81.192143,82.303036,98.41,22.74294975,10.6405,82.303036,MTF_TRAIL_HIT,1.1988,12.7559
SOLUSDT,SET_3_SWING,A_PULLBACK_RIDING,BUY,82.23,81.193036,81.193036,98.41,10.38416737,10.768,82.22,MTF_CHOCH_EXIT,-0.0889,-0.9575
SOLUSDT,SET_3_SWING,A_PULLBACK_RIDING,BUY,82.22,81.195,82.57375,98.41,10.49603463,10.7584,82.57375,MTF_TRAIL_HIT,0.2646,2.8471
SOLUSDT,SET_3_SWING,A_PULLBACK_RIDING,BUY,82.52,81.192679,81.192679,98.41,8.12682349,10.7869,81.98,MTF_CHOCH_EXIT,-0.4687,-5.0555
SOLUSDT,SET_3_SWING,A_PULLBACK_RIDING,BUY,81.98,81.245,81.245,98.41,14.6072816,10.7364,81.245,SL_HIT,-1.1107,-11.9251
SOLUSDT,SET_3_SWING,B_CONTINUATION_RIDING,BUY,80.84,80.394821,80.394821,98.41,23.84908385,10.6171,80.394821,SL_HIT,-1.1808,-12.5363
SOLUSDT,SET_3_SWING,B_CONTINUATION_RIDING,BUY,80.56,80.05875,80.744687,98.41,20.93114869,10.4917,80.744687,MTF_TRAIL_HIT,0.2075,2.1767
SOLUSDT,SET_3_SWING,B_CONTINUATION_RIDING,BUY,80.6,80.05625,80.05625,98.41,19.33518156,10.5135,80.5,MTF_CHOCH_EXIT,-0.332,-3.4902
SOLUSDT,SET_3_SWING,B_CONTINUATION_RIDING,BUY,80.5,80.075,80.075,98.41,24.6555375,10.4786,80.075,SL_HIT,-1.1886,-12.4547
SOLUSDT,SET_3_SWING,B_CONTINUATION_RIDING,BUY,79.9,79.550714,80.362679,98.41,29.6435155,10.3541,80.362679,MTF_TRAIL_HIT,1.0949,11.3363
SOLUSDT,SET_3_SWING,B_CONTINUATION_RIDING,BUY,80.44,79.550893,81.097723,98.41,11.7729561,10.4674,81.097723,MTF_TRAIL_HIT,0.6487,6.7903
SOLUSDT,SET_3_SWING,B_CONTINUATION_RIDING,BUY,80.76,79.539821,81.294955,98.41,8.63424616,10.5353,81.294955,MTF_TRAIL_HIT,0.3719,3.918
SOLUSDT,SET_3_SWING,B_CONTINUATION_RIDING,BUY,81.46,79.54125,79.54125,98.41,5.51114142,10.5745,81.1,MTF_CHOCH_EXIT,-0.2299,-2.4313
SOLUSDT,SET_3_SWING,B_CONTINUATION_RIDING,BUY,81.1,79.5475,79.5475,98.41,6.7956133,10.5502,81.07,MTF_CHOCH_EXIT,-0.0715,-0.7547
SOLUSDT,SET_3_SWING,B_CONTINUATION_RIDING,BUY,81.07,80.561429,82.092857,98.41,20.7299144,10.5426,82.092857,MTF_TRAIL_HIT,1.8502,19.5065
SOLUSDT,SET_3_SWING,B_CONTINUATION_RIDING,BUY,81.8,80.643036,82.140759,98.41,9.28093192,10.7377,82.140759,MTF_TRAIL_HIT,0.2236,2.401
SOLUSDT,SET_3_SWING,B_CONTINUATION_RIDING,BUY,81.82,80.636429,80.636429,98.41,9.09257875,10.7617,82.2,MTF_CHOCH_EXIT,0.2517,2.7086
SOLUSDT,SET_3_SWING,B_CONTINUATION_RIDING,BUY,82.2,80.632857,80.632857,98.41,6.88437694,10.7888,80.632857,SL_HIT,-1.0516,-11.346
SOLUSDT,SET_3_SWING,B_CONTINUATION_RIDING,BUY,80.8,80.283929,80.283929,98.41,20.68578441,10.6753,80.82,MTF_CHOCH_EXIT,-0.1178,-1.2578
SOLUSDT,SET_3_SWING,B_CONTINUATION_RIDING,BUY,80.82,80.288393,80.288393,98.41,20.05760211,10.6628,80.288393,SL_HIT,-1.1512,-12.275
SOLUSDT,SET_3_SWING,B_CONTINUATION_RIDING,BUY,80.42,79.987679,80.91192,98.41,24.38004081,10.54,80.91192,MTF_TRAIL_HIT,0.951,10.0231
SOLUSDT,SET_3_SWING,B_CONTINUATION_RIDING,BUY,80.82,79.987321,79.987321,98.41,12.77833396,10.6402,80.49,MTF_CHOCH_EXIT,-0.493,-5.2461
SOLUSDT,SET_3_SWING,B_CONTINUATION_RIDING,BUY,80.49,79.978214,80.872054,98.41,20.68792445,10.5878,80.872054,MTF_TRAIL_HIT,0.5887,6.2327
SOLUSDT,SET_3_SWING,B_CONTINUATION_RIDING,BUY,80.39,79.892857,80.515714,98.41,21.42263649,10.6501,80.515714,MTF_TRAIL_HIT,0.091,0.9691
SOLUSDT,SET_3_SWING,B_CONTINUATION_RIDING,BUY,79.46,79.092321,80.81808,98.41,28.9921748,10.6598,80.81808,MTF_TRAIL_HIT,3.4746,37.0388
SOLUSDT,SET_3_SWING,B_CONTINUATION_RIDING,BUY,80.16,79.03375,80.508438,98.41,9.79373122,11.0302,80.508438,MTF_TRAIL_HIT,0.238,2.6248
SOLUSDT,SET_3_SWING,B_CONTINUATION_RIDING,BUY,80.29,79.037321,81.22683,98.41,8.82623707,11.0564,81.22683,MTF_TRAIL_HIT,0.6832,7.5535
SOLUSDT,SET_3_SWING,B_CONTINUATION_RIDING,BUY,81.5,79.030179,79.030179,98.41,4.50719762,11.132,82.1,MTF_CHOCH_EXIT,0.2097,2.3349
SOLUSDT,SET_3_SWING,B_CONTINUATION_RIDING,BUY,82.1,79.025714,79.025714,98.41,3.62858987,11.1553,82.1,MTF_CHOCH_EXIT,-0.0267,-0.2979
SOLUSDT,SET_3_SWING,B_CONTINUATION_RIDING,BUY,82.1,79.01125,82.967812,98.41,3.61063322,11.1523,82.967812,MTF_TRAIL_HIT,0.2542,2.8345
SOLUSDT,SET_3_SWING,B_CONTINUATION_RIDING,BUY,82.82,79.624643,79.624643,98.41,3.49904172,11.1807,82.36,MTF_CHOCH_EXIT,-0.1698,-1.898
SOLUSDT,SET_3_SWING,B_CONTINUATION_RIDING,BUY,82.36,81.075357,81.075357,98.41,8.68856873,11.1617,81.075357,SL_HIT,-1.0633,-11.8683
SOLUSDT,SET_3_SWING,B_CONTINUATION_RIDING,BUY,80.92,80.457857,81.104464,98.41,23.89526303,11.043,81.104464,MTF_TRAIL_HIT,0.2238,2.471
SOLUSDT,SET_3_SWING,B_CONTINUATION_RIDING,BUY,81.11,80.276607,81.431652,98.41,13.28033335,11.0677,81.431652,MTF_TRAIL_HIT,0.2883,3.1912
SOLUSDT,SET_3_SWING,B_CONTINUATION_RIDING,BUY,81.54,80.281607,80.281607,98.41,8.8204944,11.0996,81.28,MTF_CHOCH_EXIT,-0.2712,-3.0106
SOLUSDT,SET_3_SWING,B_CONTINUATION_RIDING,BUY,81.28,80.298214,81.754554,98.41,11.27490541,11.0695,81.754554,MTF_TRAIL_HIT,0.4002,4.43
SOLUSDT,SET_3_SWING,B_CONTINUATION_RIDING,BUY,81.45,80.314286,82.076071,98.41,9.78577183,11.1138,82.076071,MTF_TRAIL_HIT,0.4791,5.3248
SOLUSDT,SET_3_SWING,B_CONTINUATION_RIDING,BUY,82.11,80.338036,80.338036,98.41,6.30209567,11.1671,82.22,MTF_CHOCH_EXIT,0.0157,0.1753
SOLUSDT,SET_3_SWING,B_CONTINUATION_RIDING,BUY,82.22,80.337143,80.337143,98.41,5.93185807,11.1688,81.17,MTF_CHOCH_EXIT,-0.6009,-6.7111
SOLUSDT,SET_3_SWING,B_CONTINUATION_RIDING,BUY,81.17,80.321071,80.321071,98.41,13.07734312,11.1017,80.37,MTF_CHOCH_EXIT,-1.0372,-11.5148
SOLUSDT,SET_3_SWING,B_CONTINUATION_RIDING,SELL,77.52,78.331964,76.492991,60.13,13.53086836,10.9866,76.492991,MTF_TRAIL_HIT,1.1704,12.8584
SOLUSDT,SET_3_SWING,B_CONTINUATION_RIDING,SELL,76.32,78.343036,78.343036,60.13,5.49430022,11.1152,75.92,MTF_CHOCH_EXIT,0.1601,1.7801
SOLUSDT,SET_3_SWING,B_CONTINUATION_RIDING,SELL,76.95,78.249643,78.249643,60.13,8.56617372,11.133,76.81,MTF_CHOCH_EXIT,0.0486,0.541
SOLUSDT,SET_3_SWING,B_CONTINUATION_RIDING,SELL,76.81,77.872143,76.405536,60.13,10.48670241,11.1384,76.405536,MTF_TRAIL_HIT,0.3088,3.4393
SOLUSDT,SET_3_SWING,B_CONTINUATION_RIDING,SELL,76.41,77.779643,75.982411,60.13,8.15743233,11.1728,75.982411,MTF_TRAIL_HIT,0.2566,2.8674
SOLUSDT,SET_3_SWING,B_CONTINUATION_RIDING,SELL,76.16,77.784286,77.784286,60.13,6.89622707,11.2014,75.93,MTF_CHOCH_EXIT,0.0948,1.0621
SOLUSDT,SET_3_SWING,B_CONTINUATION_RIDING,SELL,75.93,77.77625,77.77625,60.13,6.07288513,11.2121,76.27,MTF_CHOCH_EXIT,-0.2254,-2.5276
SOLUSDT,SET_3_SWING,B_CONTINUATION_RIDING,SELL,76.27,77.010536,75.575134,60.13,15.10634503,11.1868,75.575134,MTF_TRAIL_HIT,0.8361,9.353
SOLUSDT,SET_3_SWING,B_CONTINUATION_RIDING,SELL,75.61,77.017857,77.017857,60.13,8.0124021,11.2803,75.8,MTF_CHOCH_EXIT,-0.1888,-2.1295
SOLUSDT,SET_3_SWING,B_CONTINUATION_RIDING,SELL,75.94,79.808929,79.808929,60.13,2.91011387,11.259,75.55,MTF_CHOCH_EXIT,0.0813,0.9148
SOLUSDT,SET_3_SWING,A_PULLBACK_RIDING,SELL,75.55,76.406071,75.194018,60.13,13.16265275,11.2682,75.194018,MTF_TRAIL_HIT,0.3279,3.6948
SOLUSDT,SET_3_SWING,A_PULLBACK_RIDING,SELL,75.1,76.225357,76.225357,60.13,10.04580575,11.3051,75.24,MTF_CHOCH_EXIT,-0.1912,-2.1621
SOLUSDT,SET_3_SWING,A_PULLBACK_RIDING,SELL,75.24,76.219107,74.534777,60.13,11.52427334,11.2835,74.534777,MTF_TRAIL_HIT,0.644,7.2665
SOLUSDT,SET_3_SWING,A_PULLBACK_RIDING,SELL,74.4,76.180536,76.180536,60.13,6.37794736,11.3562,74.53,MTF_CHOCH_EXIT,-0.1149,-1.3044
SOLUSDT,SET_3_SWING,A_PULLBACK_RIDING,SELL,74.94,75.262321,75.262321,60.13,35.19194873,11.3431,75.262321,SL_HIT,-1.2333,-13.9899
SOLUSDT,SET_3_SWING,A_PULLBACK_RIDING,SELL,75.24,75.745714,75.106429,60.13,22.15326074,11.2032,75.106429,MTF_TRAIL_HIT,0.1155,1.2943
SOLUSDT,SET_3_SWING,A_PULLBACK_RIDING,SELL,75.32,75.742857,74.965714,60.13,26.52471198,11.2162,74.965714,MTF_TRAIL_HIT,0.6604,7.4067
SOLUSDT,SET_3_SWING,A_PULLBACK_RIDING,SELL,75.2,75.735179,75.023795,60.13,21.09619401,11.2902,75.023795,MTF_TRAIL_HIT,0.189,2.1336
SOLUSDT,SET_3_SWING,A_PULLBACK_RIDING,SELL,75.11,75.732679,75.732679,60.13,18.16598023,11.3116,75.09,MTF_CHOCH_EXIT,-0.0885,-1.001
SOLUSDT,SET_3_SWING,B_CONTINUATION_RIDING,BUY,76.15,75.335714,76.546429,98.41,13.87910412,11.3016,76.546429,MTF_TRAIL_HIT,0.3929,4.4409
SOLUSDT,SET_3_SWING,B_CONTINUATION_RIDING,BUY,76.47,75.328393,76.954598,98.41,9.93859022,11.346,76.954598,MTF_TRAIL_HIT,0.3572,4.0525
SOLUSDT,SET_3_SWING,B_CONTINUATION_RIDING,BUY,77.14,75.32,75.32,98.41,6.2563134,11.3865,76.75,MTF_CHOCH_EXIT,-0.2565,-2.9206
SOLUSDT,SET_3_SWING,B_CONTINUATION_RIDING,BUY,76.75,75.325536,77.563884,98.41,7.97302186,11.3573,77.563884,MTF_TRAIL_HIT,0.517,5.8721
SOLUSDT,SET_3_SWING,B_CONTINUATION_RIDING,BUY,77.76,75.603036,75.603036,98.41,5.29262623,11.416,77.66,MTF_CHOCH_EXIT,-0.0824,-0.9403
SOLUSDT,SET_3_SWING,B_CONTINUATION_RIDING,BUY,77.66,75.610179,75.610179,98.41,5.56468104,11.4066,77.88,MTF_CHOCH_EXIT,0.0694,0.7912
SOLUSDT,SET_3_SWING,B_CONTINUATION_RIDING,BUY,77.88,75.613571,75.613571,98.41,5.03634405,11.4145,78.12,MTF_CHOCH_EXIT,0.0715,0.8156
SOLUSDT,SET_3_SWING,A_PULLBACK_RIDING,BUY,78.14,77.678571,77.678571,98.41,24.75501216,11.4227,78.19,MTF_CHOCH_EXIT,-0.061,-0.6973
SOLUSDT,SET_3_SWING,A_PULLBACK_RIDING,BUY,78.19,77.684107,77.684107,98.41,22.5654438,11.4157,77.684107,SL_HIT,-1.1537,-13.1707
SOLUSDT,SET_3_SWING,A_PULLBACK_RIDING,BUY,77.72,77.308929,77.897232,98.41,27.45019264,11.284,77.897232,MTF_TRAIL_HIT,0.2418,2.7281
SOLUSDT,SET_3_SWING,A_PULLBACK_RIDING,BUY,77.85,77.308393,77.308393,98.41,20.88464049,11.3113,77.91,MTF_CHOCH_EXIT,-0.033,-0.3735
SOLUSDT,SET_3_SWING,A_PULLBACK_RIDING,BUY,77.91,77.318036,78.442009,98.41,19.1017182,11.3075,78.442009,MTF_TRAIL_HIT,0.7664,8.6662
SOLUSDT,SET_3_SWING,B_CONTINUATION_RIDING,BUY,77.29,76.9025,77.423125,78.88,29.40437837,11.3942,77.423125,MTF_TRAIL_HIT,0.1438,1.639
SOLUSDT,SET_3_SWING,B_CONTINUATION_RIDING,BUY,77.24,76.894464,77.863616,78.88,33.02288644,11.4106,77.863616,MTF_TRAIL_HIT,1.5798,18.0268
SOLUSDT,SET_3_SWING,B_CONTINUATION_RIDING,BUY,77.57,77.254286,77.254286,78.88,36.7131151,11.5909,77.254286,SL_HIT,-1.2449,-14.429
SOLUSDT,SET_4_INTRADAY,B_CONTINUATION_RIDING,BUY,77.05,75.68875,77.579688,83.74,7.34618916,10.0,77.579688,MTF_TRAIL_HIT,0.3322,3.3221
SOLUSDT,SET_4_INTRADAY,A_PULLBACK_RIDING,BUY,77.74,77.266429,78.261607,83.74,21.18628939,10.0332,78.261607,MTF_TRAIL_HIT,0.9364,9.3953
SOLUSDT,SET_4_INTRADAY,A_PULLBACK_RIDING,BUY,78.07,77.259821,77.259821,83.74,12.49992872,10.1272,77.39,MTF_CHOCH_EXIT,-0.935,-9.4689
SOLUSDT,SET_4_INTRADAY,A_PULLBACK_RIDING,BUY,77.55,77.209643,77.209643,83.74,29.47634813,10.0325,77.71,MTF_CHOCH_EXIT,0.2419,2.4269
SOLUSDT,SET_4_INTRADAY,B_CONTINUATION_RIDING,BUY,77.29,76.973393,77.720848,78.59,31.76414308,10.0568,77.720848,MTF_TRAIL_HIT,1.1157,11.2199
SOLUSDT,SET_4_INTRADAY,B_CONTINUATION_RIDING,BUY,77.54,77.225714,77.641429,78.85,32.35576127,10.169,77.641429,MTF_TRAIL_HIT,0.0758,0.7707
SOLUSDT,SET_4_INTRADAY,B_CONTINUATION_RIDING,BUY,77.32,76.991071,77.417768,78.85,30.9388155,10.1767,77.417768,MTF_TRAIL_HIT,0.062,0.6306
SOLUSDT,SET_4_INTRADAY,B_CONTINUATION_RIDING,SELL,77.54,77.90877,76.932192,73.39,27.61332566,10.183,76.932192,MTF_TRAIL_HIT,1.4392,14.6556
SOLUSDT,SET_4_INTRADAY,B_CONTINUATION_RIDING,SELL,76.01,76.5075,75.834375,73.39,20.76285764,10.3295,75.834375,MTF_TRAIL_HIT,0.2005,2.071
SOLUSDT,SET_4_INTRADAY,B_CONTINUATION_RIDING,SELL,75.91,76.508214,75.519554,73.39,17.30187937,10.3502,75.519554,MTF_TRAIL_HIT,0.5263,5.4473
SOLUSDT,SET_4_INTRADAY,B_CONTINUATION_RIDING,SELL,76.93,77.584107,75.963527,73.61,15.9067277,10.4047,75.963527,MTF_TRAIL_HIT,1.3611,14.1618
